Name,Price,Adress,img_link
Chiots Pitbull,250000,"Grand Yoff, Dakar, Sénégal",https://images.coinafrique.com/thumb_742716_uploaded_image2_1563030467.78.png
Caniche bichons maltais,190000,"Mermoz-Sacré Coeur, Dakar, Sénégal",https://images.coinafrique.com/thumb_788455_uploaded_image1_1564267086.61.png
Chiot Boerboel,450000,"Mermoz-Sacré Coeur, Dakar, Sénégal",https://images.coinafrique.com/thumb_3057395_uploaded_image1_1618335212.jpg
Pitbull Red Nose,220000,"Mermoz-Sacré Coeur, Dakar, Sénégal",https://images.coinafrique.com/thumb_778978_uploaded_image1_1564025139.31.png
Caniche bichons maltais,190000,"Mermoz-Sacré Coeur, Dakar, Sénégal",https://images.coinafrique.com/thumb_788455_uploaded_image1_1564267086.61.png
Chiots bergers allemands,200000,"Saly, Sénégal",https://images.coinafrique.com/thumb_4176841_uploaded_image1_1681482623.jpg
Pitbull black nose,250000,"Mermoz-Sacré Coeur, Dakar, Sénégal",https://images.coinafrique.com/thumb_900600_uploaded_image1_1567424429.78.png
Chiot Cane Corso,800000,"Fann, Dakar, Sénégal",https://images.coinafrique.com/thumb_956906_uploaded_image1_1568758075.68.png
Boerboel femelle,400000,"Mermoz-Sacré Coeur, Dakar, Sénégal",https://images.coinafrique.com/thumb_989796_uploaded_image1_1569465977.94.png
Chiots bichons maltais femelles,150000,"Mamelles, Dakar, Sénégal",https://images.coinafrique.com/thumb_5042102_uploaded_image1_1731512419.jpg
Chiots akita américain,990000,"Fann, Dakar, Sénégal",https://images.coinafrique.com/thumb_1536386_uploaded_image1_1580821754.85.png
Chiot berger allemand,200000,"Patte d'oie, Dakar, Sénégal",https://images.coinafrique.com/thumb_1115802_uploaded_image1_1572126146.27.png
Chien Rottweiler,375000,"Dieuppeul-Derklé, Dakar, Sénégal",https://images.coinafrique.com/thumb_1122493_uploaded_image1_1572275963.13.png
Chiots Berger Allemand,350000,"Parcelle Assainies, Dakar, Sénégal",https://images.coinafrique.com/thumb_4837526_uploaded_image1_1720683729.jpg
Chien Pittbull,350000,"Dakar Plateau, Dakar, Sénégal",https://images.coinafrique.com/thumb_3474335_uploaded_image1_1638955282.jpg
Chiots Berger Allemand de race pure,125000,"Grand Yoff, Dakar, Sénégal",https://images.coinafrique.com/thumb_1148739_uploaded_image1_1572796180.58.png
Chiot Berger allemand,300000,"Thies, Sénégal",https://images.coinafrique.com/thumb_4396584_uploaded_image1_1696077607.jpg
Bichons malté,180000,"Cambérène, Dakar, Sénégal",https://images.coinafrique.com/thumb_1176190_uploaded_image1_1573296965.03.png
Chiots bichons maltais femelles,150000,"Mamelles, Dakar, Sénégal",https://images.coinafrique.com/thumb_5042102_uploaded_image1_1731512419.jpg
Chien Pitbull,150000,"Dieuppeul-Derklé, Dakar, Sénégal",https://images.coinafrique.com/thumb_1339794_uploaded_image1_1576322961.44.png
Chiots shih tzu,250000,"Point E, Dakar, Sénégal",https://images.coinafrique.com/thumb_2536904_uploaded_image1_1597236557.jpg
Chiots Berger Allemand,350000,"Parcelle Assainies, Dakar, Sénégal",https://images.coinafrique.com/thumb_4837526_uploaded_image1_1720683729.jpg
Chiots Dalmatiens,450000,"Fann, Dakar, Sénégal",https://images.coinafrique.com/thumb_1396092_uploaded_image1_1577444313.67.png
Chiots husky sibérien - dog argentin - cane corso,350000,"Keur Massar, Sénégal",https://images.coinafrique.com/thumb_1477206_uploaded_image1_1578994405.03.png
Caniche,200000,"Dakar, Sénégal",https://images.coinafrique.com/thumb_4634226_uploaded_image1_1710001956.jpg
Chiot Caniche,140000,"Mermoz-Sacré Coeur, Dakar, Sénégal",https://images.coinafrique.com/thumb_4546796_uploaded_image1_1705343315.jpg
Caniche,200000,"Dakar, Sénégal",https://images.coinafrique.com/thumb_4634226_uploaded_image1_1710001956.jpg
Chiots akita américain,990000,"Fann, Dakar, Sénégal",https://images.coinafrique.com/thumb_1536386_uploaded_image1_1580821754.85.png
Chiots Spitz nain Pomeranian,1900000,"Fann, Dakar, Sénégal",https://images.coinafrique.com/thumb_2578678_uploaded_image1_1598473259.jpg
Doberman,400000,"Dakar, Sénégal",https://images.coinafrique.com/thumb_1621541_uploaded_image1_1581266142.61.png
Chiot berger belge malinois,175000,"Pikine, Sénégal",https://images.coinafrique.com/thumb_1628361_uploaded_image1_1581360490.25.png
Cani corso,600000,"Dakar, Sénégal",https://images.coinafrique.com/thumb_1716117_uploaded_image1_1582837304.5.png
Chien Bichon,150000,"Ouakam, Dakar, Sénégal",https://images.coinafrique.com/thumb_4124637_uploaded_image1_1678229133.jpg
Doberman pure souche,350000,"Yoff, Dakar, Sénégal",https://images.coinafrique.com/thumb_1803179_uploaded_image1_1584379219.84.png
Caniche,200000,"Dakar, Sénégal",https://images.coinafrique.com/thumb_4634226_uploaded_image1_1710001956.jpg
Chiot,100,"Yoff, Dakar, Sénégal",https://images.coinafrique.com/thumb_3424026_uploaded_image3_1636184109.jpeg
Métisse chiots rottweiler,50000,"Mermoz-Sacré-Cœur, Dakar, Sénégal",https://images.coinafrique.com/thumb_1890049_uploaded_image1_1585932795.82.png
Chiens Malinois,300000,"Dakar Plateau, Dakar, Sénégal",https://images.coinafrique.com/thumb_1904735_uploaded_image1_1586214527.85.png
Chiots Pitbull,200000,"Dakar, Sénégal",https://images.coinafrique.com/thumb_4951773_uploaded_image1_1726751081.jpg
Femelles  métisse rock / 4 chiennes,50000,"Mermoz-Sacré-Cœur, Dakar, Sénégal",https://images.coinafrique.com/thumb_1984265_uploaded_image1_1587479748.47.jpeg
Chiot Berger Allemand,250000,"Mermoz-Sacré Coeur, Dakar, Sénégal",https://images.coinafrique.com/thumb_2062558_uploaded_image1_1588702072.jpg
Chiot Can Corso,300000,"Mermoz-Sacré Coeur, Dakar, Sénégal",https://images.coinafrique.com/thumb_2062566_uploaded_image1_1588702172.jpg
Berger malinois charboné,300000,"Mermoz-Sacré Coeur, Dakar, Sénégal",https://images.coinafrique.com/thumb_2063869_uploaded_image1_1588722042.jpg
Chiots Berger Amstaff,130000,"Dakar, Sénégal",https://images.coinafrique.com/thumb_2082208_uploaded_image1_1588983812.jpg
Chiots Yorkshire/caniche,200000,"Dakar, Sénégal",https://images.coinafrique.com/thumb_2107633_uploaded_image1_1589392557.jpg
Chiots rockweile,290000,"Mermoz-Sacré-Cœur, Dakar, Sénégal",https://images.coinafrique.com/thumb_2119461_uploaded_image1_1589565559.jpg
Chiot Rottweiler,250,"Dakar, Sénégal",https://images.coinafrique.com/thumb_5004868_uploaded_image1_1729539442.jpg
Chiots bichons maltais femelles,150000,"Mamelles, Dakar, Sénégal",https://images.coinafrique.com/thumb_5042102_uploaded_image1_1731512419.jpg
Chien,65000,"Gibraltar, Dakar, Sénégal",https://images.coinafrique.com/thumb_2209275_uploaded_image1_1591023390.jpg
Chiot  Berger Allemand,200000,"Saint Louis, Sénégal",https://images.coinafrique.com/thumb_4296542_uploaded_image1_1689515237.jpg
Berger allemand pur sang,150000,"Point E, Dakar, Sénégal",https://images.coinafrique.com/thumb_2217470_uploaded_image1_1591135735.jpg
Berger allemand pur sang,150000,"Point E, Dakar, Sénégal",https://images.coinafrique.com/thumb_2217470_uploaded_image1_1591135735.jpg
Chiot Berger Allemand,500000,"Guediawaye, Dakar, Sénégal",https://images.coinafrique.com/thumb_5016564_uploaded_image1_1730217865.jpg
Chiots  Malinois,225000,"Dakar, Sénégal",https://images.coinafrique.com/thumb_4318517_uploaded_image1_1690980921.jpg
Chiot  Berger Allemand,200000,"Saint Louis, Sénégal",https://images.coinafrique.com/thumb_4296542_uploaded_image1_1689515237.jpg
Chiots Berger Allemand,250000,"Saint Louis, Sénégal",https://images.coinafrique.com/thumb_5013765_uploaded_image1_1730056659.jpg
Chiot Rottweiler,250,"Dakar, Sénégal",https://images.coinafrique.com/thumb_5004868_uploaded_image1_1729539442.jpg
Berger Allemand femelle,250000,"Fass, Dakar, Sénégal",https://images.coinafrique.com/thumb_2300480_uploaded_image1_1592400668.jpg
Chiot Caniche,140000,"Mermoz-Sacré Coeur, Dakar, Sénégal",https://images.coinafrique.com/thumb_4546796_uploaded_image1_1705343315.jpg
Chiots bichons maltais femelles,150000,"Mamelles, Dakar, Sénégal",https://images.coinafrique.com/thumb_5042102_uploaded_image1_1731512419.jpg
Chiot,100,"Yoff, Dakar, Sénégal",https://images.coinafrique.com/thumb_3424026_uploaded_image3_1636184109.jpeg
Chiot Berger Allemand,200000,"Dakar, Sénégal",https://images.coinafrique.com/thumb_4970950_uploaded_image1_1727800187.jpg
Chiot yorkie,300000,"Yoff, Dakar, Sénégal",https://images.coinafrique.com/thumb_2373725_uploaded_image1_1593562231.jpg
Chiot Berger Allemand,200000,"Dakar, Sénégal",https://images.coinafrique.com/thumb_4970950_uploaded_image1_1727800187.jpg
Chiot Caniche bichon,150000,"Dakar, Sénégal",https://images.coinafrique.com/thumb_4117078_uploaded_image1_1677779647.jpg
Peugeot 308 2016,4300000,"Dakar, Sénégal",https://images.coinafrique.com/thumb_5044185_uploaded_image1_1731605581.jpg
Chiot Malinois,200000,"Dakar, Sénégal",https://images.coinafrique.com/thumb_4312162_uploaded_image1_1690550986.jpg
Chiots malinois,280000,"Mermoz-Sacré Coeur, Dakar, Sénégal",https://images.coinafrique.com/thumb_4118286_uploaded_image1_1677846223.jpg
Chiots bichons maltais femelles,150000,"Mamelles, Dakar, Sénégal",https://images.coinafrique.com/thumb_5042102_uploaded_image1_1731512419.jpg
Chiots bichons maltais femelles,150000,"Mamelles, Dakar, Sénégal",https://images.coinafrique.com/thumb_5042102_uploaded_image1_1731512419.jpg
Chiot Malinois 4 mois,275,"Dakar, Sénégal",https://images.coinafrique.com/thumb_4807147_uploaded_image2_1719173692.jpeg
Chiots bichons maltais femelles,150000,"Mamelles, Dakar, Sénégal",https://images.coinafrique.com/thumb_5042102_uploaded_image1_1731512419.jpg
Yorkshire toy femelle,750000,"Fann, Dakar, Sénégal",https://images.coinafrique.com/thumb_2466136_uploaded_image1_1595344530.jpg
Chien de garde,350000,"Yoff, Dakar, Sénégal",https://images.coinafrique.com/thumb_5045344_uploaded_image1_1731670002.jpg
Chiots Rottweiler pur sang,300000,"Dakar Plateau, Dakar, Sénégal",https://images.coinafrique.com/thumb_2625896_uploaded_image1_1600107671.jpg
Chien chiwawa,300000,"Dakar, Sénégal",https://images.coinafrique.com/thumb_2533324_uploaded_image1_1597146281.jpg
Chiots métisse malinois et berger belge,120000,"Diamniadio, Sénégal",https://images.coinafrique.com/thumb_3899662_uploaded_image1_1664548562.jpg
Chien Berger Allemand,310000,"Rufisque, Sénégal",https://images.coinafrique.com/thumb_4679501_uploaded_image1_1712415418.jpg
Chiots shih tzu,250000,"Point E, Dakar, Sénégal",https://images.coinafrique.com/thumb_2536904_uploaded_image1_1597236557.jpg
Chiots berger allemand,250000,"Guediawaye, Dakar, Sénégal",https://images.coinafrique.com/thumb_2541838_uploaded_image1_1597368796.jpg
Berger Malinois,200000,"Dakar, Sénégal",https://images.coinafrique.com/thumb_4910751_uploaded_image1_1724605148.jpg
Canish,250000,"Fass, Dakar, Sénégal",https://images.coinafrique.com/thumb_2551556_uploaded_image1_1597687758.jpg
Femelle pitbull,120000,"Bargny, Sénégal",https://images.coinafrique.com/thumb_2555833_uploaded_image1_1597802491.jpg
Chiots Spitz nain Pomeranian,1900000,"Fann, Dakar, Sénégal",https://images.coinafrique.com/thumb_2578678_uploaded_image1_1598473259.jpg
Chiots Malinois pur sang,250000,"Ouest Foire, Dakar, Sénégal",https://images.coinafrique.com/thumb_2567608_uploaded_image1_1598126860.jpg
Chiot rottweiller,250000,"Hann Bel-Air, Dakar, Sénégal",https://images.coinafrique.com/thumb_2619263_uploaded_image1_1599843271.jpg
Chiot rottweiller,250000,"Hann Bel-Air, Dakar, Sénégal",https://images.coinafrique.com/thumb_2619263_uploaded_image1_1599843271.jpg
Chiot rottweiller,250000,"Hann Bel-Air, Dakar, Sénégal",https://images.coinafrique.com/thumb_2619263_uploaded_image1_1599843271.jpg
Chien,200000,"Dakar, Sénégal",https://images.coinafrique.com/thumb_3287244_uploaded_image1_1629321508.jpg
Berger Malinois,200000,"Dakar, Sénégal",https://images.coinafrique.com/thumb_4910751_uploaded_image1_1724605148.jpg
Chiot Berger Allemand,200000,"Dakar, Sénégal",https://images.coinafrique.com/thumb_4970950_uploaded_image1_1727800187.jpg
Chiots Berger Allemand,180000,"Bargny, Sénégal",https://images.coinafrique.com/thumb_2584995_uploaded_image1_1598726974.jpg
Chiot rottweiller,250000,"Hann Bel-Air, Dakar, Sénégal",https://images.coinafrique.com/thumb_2619263_uploaded_image1_1599843271.jpg
Chiots Pitbull,200000,"Dakar, Sénégal",https://images.coinafrique.com/thumb_4951773_uploaded_image1_1726751081.jpg
Chiots bichons maltais femelles,150000,"Mamelles, Dakar, Sénégal",https://images.coinafrique.com/thumb_5042102_uploaded_image1_1731512419.jpg
Chiots race Bichon,200000,"Dieuppeul-Derklé, Dakar, Sénégal",https://images.coinafrique.com/thumb_2601423_uploaded_image1_1599252254.jpg
Chiots bichons maltais femelles,150000,"Mamelles, Dakar, Sénégal",https://images.coinafrique.com/thumb_5042102_uploaded_image1_1731512419.jpg
Chiot rottweiller,250000,"Hann Bel-Air, Dakar, Sénégal",https://images.coinafrique.com/thumb_2619263_uploaded_image1_1599843271.jpg
Chiots bichons maltais femelles,150000,"Mamelles, Dakar, Sénégal",https://images.coinafrique.com/thumb_5042102_uploaded_image1_1731512419.jpg
Chiot Husky,450000,"Dakar Plateau, Dakar, Sénégal",https://images.coinafrique.com/thumb_3032898_uploaded_image1_1617282596.jpg
Chiots bichons maltais femelles,150000,"Mamelles, Dakar, Sénégal",https://images.coinafrique.com/thumb_5042102_uploaded_image1_1731512419.jpg
Chien rottweiller,300000,"Hann Bel-Air, Dakar, Sénégal",https://images.coinafrique.com/thumb_2617202_uploaded_image1_1599768247.jpg
Berger allemand pure sang,160000,"Mbour, Sénégal",https://images.coinafrique.com/thumb_4779635_uploaded_image1_1717531124.jpg
Chiot rottweiller,250000,"Hann Bel-Air, Dakar, Sénégal",https://images.coinafrique.com/thumb_2619263_uploaded_image1_1599843271.jpg
Chiots Rottweiler pur sang,300000,"Dakar Plateau, Dakar, Sénégal",https://images.coinafrique.com/thumb_2625896_uploaded_image1_1600107671.jpg
Caniche Bichon Maltais,465000,"Dakar, Sénégal",https://images.coinafrique.com/thumb_2629161_uploaded_image1_1600223864.jpg
Chiens,20000,"Mbour, Sénégal",https://images.coinafrique.com/thumb_2631397_uploaded_image1_1600290558.jpg
Chien Red Nose pur sang,90000,"Thies, Sénégal",https://images.coinafrique.com/thumb_2636139_uploaded_image1_1600454579.jpg
Chiot pitbull,150000,"Mermoz-Sacré Coeur, Dakar, Sénégal",https://images.coinafrique.com/thumb_2678151_uploaded_image1_1602079553.jpg
Chien malinois,180000,"Mermoz-Sacré Coeur, Dakar, Sénégal",https://images.coinafrique.com/thumb_2683719_uploaded_image1_1602268170.jpg
Caniche pur sang,250000,"Saly, Sénégal",https://images.coinafrique.com/thumb_2699954_uploaded_image1_1602880167.jpg
Chien Berger Allemand,200000,"Guediawaye, Dakar, Sénégal",https://images.coinafrique.com/thumb_4716925_uploaded_image1_1714422080.jpg
Chien Berger Allemand,310000,"Rufisque, Sénégal",https://images.coinafrique.com/thumb_4679501_uploaded_image1_1712415418.jpg
Chiots Pitbull,150,"Bargny, Sénégal",https://images.coinafrique.com/thumb_3085151_uploaded_image1_1619629177.jpg
Chiot dog allemand,500000,"Mamelles, Dakar, Sénégal",https://images.coinafrique.com/thumb_2751446_uploaded_image1_1605004718.jpg
Chiots Bergers allemands pur sang - lignée de travail,250000,"Sicap Liberté, Dakar, Sénégal",https://images.coinafrique.com/thumb_2762158_uploaded_image1_1605372613.jpg
Chiots bichons maltais femelles,150000,"Mamelles, Dakar, Sénégal",https://images.coinafrique.com/thumb_5042102_uploaded_image1_1731512419.jpg
Chiots Pitbull,160000,"Thies, Sénégal",https://images.coinafrique.com/thumb_2784073_uploaded_image1_1606221523.jpg
Chiot Berger Allemand,100000,"Thies, Sénégal",https://images.coinafrique.com/thumb_4943304_uploaded_image1_1726252041.jpg
Chiot mâle Pitbull,120000,"Saint Louis, Sénégal",https://images.coinafrique.com/thumb_3596319_uploaded_image1_1646581647.jpg
Chien Malinois,77963888,"Dakar, Sénégal",https://images.coinafrique.com/thumb_4806294_uploaded_image1_1719106703.jpg
Rott royal 10,500000,"Dakar, Sénégal",https://images.coinafrique.com/thumb_2812803_uploaded_image1_1607261227.jpg
Bichamon Maltais,250000,"Dakar, Sénégal",https://images.coinafrique.com/thumb_2823458_uploaded_image1_1607635304.jpg
Chiots Berger Allemand,125000,"Almadies, Dakar, Sénégal",https://images.coinafrique.com/thumb_4220216_uploaded_image1_1684354056.jpg
Chiot mâle Berger allemand,100000,"Thies, Sénégal",https://images.coinafrique.com/thumb_2862580_uploaded_image1_1609508293.jpg
Chiots Berger Allemand,180000,"Mariste, Dakar, Sénégal",https://images.coinafrique.com/thumb_3671351_uploaded_image1_1651056079.jpg
Chiot Berger Allemand,200000,"Dakar, Sénégal",https://images.coinafrique.com/thumb_4970950_uploaded_image1_1727800187.jpg
Chiot Berger Allemand,500000,"Guediawaye, Dakar, Sénégal",https://images.coinafrique.com/thumb_5016564_uploaded_image1_1730217865.jpg
Chiots,250000,"Dakar, Sénégal",https://images.coinafrique.com/thumb_4344699_uploaded_image1_1692644593.jpg
Chiots bichons maltais femelles,150000,"Mamelles, Dakar, Sénégal",https://images.coinafrique.com/thumb_5042102_uploaded_image1_1731512419.jpg
Chiots Bichons Spitz Royal,200000,"Saly, Sénégal",https://images.coinafrique.com/thumb_2890179_uploaded_image1_1610628933.jpg
Chiot mâle Pitbull,120000,"Saint Louis, Sénégal",https://images.coinafrique.com/thumb_3596319_uploaded_image1_1646581647.jpg
Chien Pitbull,400000,"Hann Bel-Air, Dakar, Sénégal",https://images.coinafrique.com/thumb_2898017_uploaded_image1_1610984631.jpg
Caniche,200000,"Dakar, Sénégal",https://images.coinafrique.com/thumb_4634226_uploaded_image1_1710001956.jpg
Chiot Rottweiler,250,"Dakar, Sénégal",https://images.coinafrique.com/thumb_5004868_uploaded_image1_1729539442.jpg
Chiot berger allemand / husky,175000,"Dakar, Sénégal",https://images.coinafrique.com/thumb_2945713_uploaded_image1_1613048772.jpg
Chiot berger allemand / husky,175000,"Dakar, Sénégal",https://images.coinafrique.com/thumb_2945713_uploaded_image1_1613048772.jpg
Chiot Berger Allemand,200000,"Dakar, Sénégal",https://images.coinafrique.com/thumb_4970950_uploaded_image1_1727800187.jpg
Chien Pitbull mâle,110000,"Dakar, Sénégal",https://images.coinafrique.com/thumb_3532010_uploaded_image1_1642671792.jpg
Chiots bolognais,150000,"Dakar, Sénégal",https://images.coinafrique.com/thumb_2932610_uploaded_image1_1612474936.jpg
Berger femelle,160000,"Dieuppeul-Derklé, Dakar, Sénégal",https://images.coinafrique.com/thumb_2939379_uploaded_image1_1612792768.jpg
Chiot berger allemand / husky,175000,"Dakar, Sénégal",https://images.coinafrique.com/thumb_2945713_uploaded_image1_1613048772.jpg
Chiots Malinois,300000,"Grand Yoff, Dakar, Sénégal",https://images.coinafrique.com/thumb_2946384_uploaded_image1_1613065281.jpg
Chien Berger Belge Malinois,250000,"Mbao, Dakar, Sénégal",https://images.coinafrique.com/thumb_4687438_uploaded_image1_1712878170.jpg
Chien Pitbull femelle,300000,"Saint Louis, Sénégal",https://images.coinafrique.com/thumb_2950286_uploaded_image1_1613256678.jpg
Chiots malinois,280000,"Mermoz-Sacré Coeur, Dakar, Sénégal",https://images.coinafrique.com/thumb_4118286_uploaded_image1_1677846223.jpg
Chiot Malinois 4 mois,275,"Dakar, Sénégal",https://images.coinafrique.com/thumb_4807147_uploaded_image2_1719173692.jpeg
Chiot boerboel,300000,"HLM, Dakar, Sénégal",https://images.coinafrique.com/thumb_2957371_uploaded_image1_1613600366.jpg
Chiots bichons maltais femelles,150000,"Mamelles, Dakar, Sénégal",https://images.coinafrique.com/thumb_5042102_uploaded_image1_1731512419.jpg
Chiots boerboels purebreed,400000,"Thies, Sénégal",https://images.coinafrique.com/thumb_2974090_uploaded_image1_1614426862.jpg
Chiot Rottweiler,250,"Dakar, Sénégal",https://images.coinafrique.com/thumb_5004868_uploaded_image1_1729539442.jpg
Chiot cane corso,450000,"Colobane, Dakar, Sénégal",https://images.coinafrique.com/thumb_3005863_uploaded_image1_1615940766.jpg
Chien Bijon Malté,210000,"Sicap Liberté, Dakar, Sénégal",https://images.coinafrique.com/thumb_3012169_uploaded_image1_1616254703.jpg
Chiot couple teckel,200,"Yoff, Dakar, Sénégal",https://images.coinafrique.com/thumb_3023422_uploaded_image1_1616808652.jpg
Chiot pitbull,150,"Mamelles, Dakar, Sénégal",https://images.coinafrique.com/thumb_3025431_uploaded_image1_1616942140.jpg
Chiot Husky,450000,"Dakar Plateau, Dakar, Sénégal",https://images.coinafrique.com/thumb_3032898_uploaded_image1_1617282596.jpg
Chien Berger Allemand,310000,"Rufisque, Sénégal",https://images.coinafrique.com/thumb_4679501_uploaded_image1_1712415418.jpg
Chiot femelle Yorkshire,400000,"Dakar, Sénégal",https://images.coinafrique.com/thumb_3045523_uploaded_image1_1617806957.jpg
Chiot Berger Allemand,200000,"Dakar, Sénégal",https://images.coinafrique.com/thumb_4970950_uploaded_image1_1727800187.jpg
Chiot Berger Allemand,200000,"Dakar, Sénégal",https://images.coinafrique.com/thumb_4970950_uploaded_image1_1727800187.jpg
Chiot Boerboel,450000,"Mermoz-Sacré Coeur, Dakar, Sénégal",https://images.coinafrique.com/thumb_3057395_uploaded_image1_1618335212.jpg
Chiots bichons maltais femelles,150000,"Mamelles, Dakar, Sénégal",https://images.coinafrique.com/thumb_5042102_uploaded_image1_1731512419.jpg
Chiot Berger Allemand,150000,"Dakar, Sénégal",https://images.coinafrique.com/thumb_4884833_uploaded_image1_1723151589.jpg
Chiots bichons maltais femelles,150000,"Mamelles, Dakar, Sénégal",https://images.coinafrique.com/thumb_5042102_uploaded_image1_1731512419.jpg
Chiots bichons maltais femelles,150000,"Mamelles, Dakar, Sénégal",https://images.coinafrique.com/thumb_5042102_uploaded_image1_1731512419.jpg
Chiots Pitbull,200000,"Dakar, Sénégal",https://images.coinafrique.com/thumb_4951773_uploaded_image1_1726751081.jpg
Chiots Pitbull,150,"Bargny, Sénégal",https://images.coinafrique.com/thumb_3085151_uploaded_image1_1619629177.jpg
Chiot berger allemand,250000,"Ouest Foire, Dakar, Sénégal",https://images.coinafrique.com/thumb_3092060_uploaded_image1_1619960652.jpg
Chiot Labrador,350000,"Guediawaye, Dakar, Sénégal",https://images.coinafrique.com/thumb_3756515_uploaded_image1_1656067446.jpg
Chien Pitbull,300000,"Guediawaye, Dakar, Sénégal",https://images.coinafrique.com/thumb_3098650_uploaded_image1_1620217591.jpg
Chiot Berger Malinois,200000,"Rufisque, Sénégal",https://images.coinafrique.com/thumb_4969271_uploaded_image1_1727731274.jpg
Chiens Berger Allemand,100000,"Thies, Sénégal",https://images.coinafrique.com/thumb_3121248_uploaded_image1_1621346709.jpg
Chiots malinois,280000,"Mermoz-Sacré Coeur, Dakar, Sénégal",https://images.coinafrique.com/thumb_4118286_uploaded_image1_1677846223.jpg
Chiots tigrés,150000,"Pikine, Sénégal",https://images.coinafrique.com/thumb_3130909_uploaded_image1_1621857767.jpg
Pitbul,120000,"Bargny, Sénégal",https://images.coinafrique.com/thumb_3137013_uploaded_image1_1622138411.jpg
Chiots bichons maltais femelles,150000,"Mamelles, Dakar, Sénégal",https://images.coinafrique.com/thumb_5042102_uploaded_image1_1731512419.jpg
Chiots Berger Allemand,180000,"Mariste, Dakar, Sénégal",https://images.coinafrique.com/thumb_3671351_uploaded_image1_1651056079.jpg
Chiots Berger Allemand,180000,"Mariste, Dakar, Sénégal",https://images.coinafrique.com/thumb_3671351_uploaded_image1_1651056079.jpg
Chiots bichon malté,180000,"Mermoz-Sacré Coeur, Dakar, Sénégal",https://images.coinafrique.com/thumb_3154816_uploaded_image1_1622898660.jpg
Chiot Berger Allemand,100000,"Thies, Sénégal",https://images.coinafrique.com/thumb_4943304_uploaded_image1_1726252041.jpg
Chiot Labrador,300000,"Hann Bel-Air, Dakar, Sénégal",https://images.coinafrique.com/thumb_3157315_uploaded_image1_1623033828.jpg
Caniches Bichons maltais - 5 mois,125000,"Ouakam, Dakar, Sénégal",https://images.coinafrique.com/thumb_3159435_uploaded_image1_1623109995.jpg
Berger allemand,150000,"Keur Massar, Sénégal",https://images.coinafrique.com/thumb_4888701_uploaded_image1_1723387152.jpg
Chiot Berger Allemand,500000,"Guediawaye, Dakar, Sénégal",https://images.coinafrique.com/thumb_5016564_uploaded_image1_1730217865.jpg
Chiot Berger Allemand,100000,"Thies, Sénégal",https://images.coinafrique.com/thumb_4943304_uploaded_image1_1726252041.jpg
Chiot Doberman,450000,"Parcelle Assainies, Dakar, Sénégal",https://images.coinafrique.com/thumb_3189286_uploaded_image1_1624530960.jpg
Chien Canne Corso italien,300000,"Mbao, Dakar, Sénégal",https://images.coinafrique.com/thumb_3190440_uploaded_image1_1624569942.jpg
Chiots bichons maltais femelles,150000,"Mamelles, Dakar, Sénégal",https://images.coinafrique.com/thumb_5042102_uploaded_image1_1731512419.jpg
Chiots bichons maltais femelles,150000,"Mamelles, Dakar, Sénégal",https://images.coinafrique.com/thumb_5042102_uploaded_image1_1731512419.jpg
Chiot Berger Allemand,200000,"Dakar, Sénégal",https://images.coinafrique.com/thumb_4970950_uploaded_image1_1727800187.jpg
Chiot Rottweiler,300000,"Thies, Sénégal",https://images.coinafrique.com/thumb_4920593_uploaded_image1_1725147642.jpg
Caniche bichon,200000,"Ouest Foire, Dakar, Sénégal",https://images.coinafrique.com/thumb_3202334_uploaded_image1_1625164146.jpg
Chiot femelle boerboel,550000,"Thies, Sénégal",https://images.coinafrique.com/thumb_3874975_uploaded_image1_1662997342.jpg
Chiot métisse pitbull - malinois,170000,"Parcelle Assainies, Dakar, Sénégal",https://images.coinafrique.com/thumb_3236932_uploaded_image1_1626721106.jpg
Chiot Alaskan Malamut,550000,"Dakar, Sénégal",https://images.coinafrique.com/thumb_3241666_uploaded_image1_1627044118.jpg
Chiot Labrador,10000,"Parcelle Assainies, Dakar, Sénégal",https://images.coinafrique.com/thumb_3241804_uploaded_image1_1627049158.jpg
Chiot Berger Malinois,130000,"Mbao, Dakar, Sénégal",https://images.coinafrique.com/thumb_4894008_uploaded_image1_1723642785.jpg
Chiots bichons maltais femelles,150000,"Mamelles, Dakar, Sénégal",https://images.coinafrique.com/thumb_5042102_uploaded_image1_1731512419.jpg
Chien de garde,350000,"Yoff, Dakar, Sénégal",https://images.coinafrique.com/thumb_5045344_uploaded_image1_1731670002.jpg
Chiot Berger Allemand,200000,"Dakar, Sénégal",https://images.coinafrique.com/thumb_4970950_uploaded_image1_1727800187.jpg
Chiots berger allemand malinois,100000,"Keur Massar, Sénégal",https://images.coinafrique.com/thumb_3277097_uploaded_image1_1628797153.jpg
Chiots Akita,450000,"Point E, Dakar, Sénégal",https://images.coinafrique.com/thumb_3281423_uploaded_image1_1629044957.jpg
Chiots bichons maltais femelles,150000,"Mamelles, Dakar, Sénégal",https://images.coinafrique.com/thumb_5042102_uploaded_image1_1731512419.jpg
Berger allemand pure sang,160000,"Mbour, Sénégal",https://images.coinafrique.com/thumb_4779635_uploaded_image1_1717531124.jpg
Berger allemand,150000,"Keur Massar, Sénégal",https://images.coinafrique.com/thumb_4888701_uploaded_image1_1723387152.jpg
Chiot femelle boerboel,550000,"Thies, Sénégal",https://images.coinafrique.com/thumb_3874975_uploaded_image1_1662997342.jpg
Chiots bichons maltais femelles,150000,"Mamelles, Dakar, Sénégal",https://images.coinafrique.com/thumb_5042102_uploaded_image1_1731512419.jpg
Chiots bichons maltais femelles,150000,"Mamelles, Dakar, Sénégal",https://images.coinafrique.com/thumb_5042102_uploaded_image1_1731512419.jpg
Chiots bichons maltais femelles,150000,"Mamelles, Dakar, Sénégal",https://images.coinafrique.com/thumb_5042102_uploaded_image1_1731512419.jpg
Chiots bichons maltais femelles,150000,"Mamelles, Dakar, Sénégal",https://images.coinafrique.com/thumb_5042102_uploaded_image1_1731512419.jpg
Chiots bichons maltais femelles,150000,"Mamelles, Dakar, Sénégal",https://images.coinafrique.com/thumb_5042102_uploaded_image1_1731512419.jpg
Chiots malinois,250000,"Fass, Dakar, Sénégal",https://images.coinafrique.com/thumb_3328493_uploaded_image1_1631307007.jpg
Chiots Bergers Allemands,150000,"Fass, Dakar, Sénégal",https://images.coinafrique.com/thumb_3737750_uploaded_image1_1654966380.jpg
Chiots cane corso,650000,"Fass, Dakar, Sénégal",https://images.coinafrique.com/thumb_3627009_uploaded_image1_1648504752.jpg
Chiot Berger Allemand,200000,"Dakar, Sénégal",https://images.coinafrique.com/thumb_4970950_uploaded_image1_1727800187.jpg
Chiots berger allemand  husky,120000,"Fass, Dakar, Sénégal",https://images.coinafrique.com/thumb_3344836_uploaded_image1_1632174475.jpg
Chiots bichons maltais femelles,150000,"Mamelles, Dakar, Sénégal",https://images.coinafrique.com/thumb_5042102_uploaded_image1_1731512419.jpg
Chiots berger allemand,100000,"Hann Bel-Air, Dakar, Sénégal",https://images.coinafrique.com/thumb_3348655_uploaded_image1_1632345423.jpg
Chiots bichons maltais femelles,150000,"Mamelles, Dakar, Sénégal",https://images.coinafrique.com/thumb_5042102_uploaded_image1_1731512419.jpg
Chiot femelle boerboel,550000,"Thies, Sénégal",https://images.coinafrique.com/thumb_3874975_uploaded_image1_1662997342.jpg
Chien berger belge malinois,300000,"Rufisque, Sénégal",https://images.coinafrique.com/thumb_3366373_uploaded_image1_1633299895.jpg
Chiot pitbull,300000,"Rufisque, Sénégal",https://images.coinafrique.com/thumb_3367797_uploaded_image1_1633361188.jpg
Pitbull pur-sang,150000,"Dakar, Sénégal",https://images.coinafrique.com/thumb_3368452_uploaded_image1_1633396286.jpg
Berger allemand,150000,"Keur Massar, Sénégal",https://images.coinafrique.com/thumb_4888701_uploaded_image1_1723387152.jpg
Chiot Berger Allemand,200000,"Dakar, Sénégal",https://images.coinafrique.com/thumb_4970950_uploaded_image1_1727800187.jpg
Chiots Berger Allemand,350000,"Parcelle Assainies, Dakar, Sénégal",https://images.coinafrique.com/thumb_4837526_uploaded_image1_1720683729.jpg
Chiots Berger Allemand,350000,"Parcelle Assainies, Dakar, Sénégal",https://images.coinafrique.com/thumb_4837526_uploaded_image1_1720683729.jpg
Chiot labrador,115000,"Point E, Dakar, Sénégal",https://images.coinafrique.com/thumb_3384914_uploaded_image1_1634172104.jpg
Chiot Berger Allemand,160000,"Dakar, Sénégal",https://images.coinafrique.com/thumb_4659440_uploaded_image1_1711400521.jpg
Chiot Shiba,12000000,"Dakar, Sénégal",https://images.coinafrique.com/thumb_3391753_uploaded_image1_1634566270.jpg
Chiots,250000,"Dakar, Sénégal",https://images.coinafrique.com/thumb_4344699_uploaded_image1_1692644593.jpg
Chiot Cockers,300000,"Guediawaye, Dakar, Sénégal",https://images.coinafrique.com/thumb_3392834_uploaded_image1_1634634800.jpg
Berger allemand,150000,"Keur Massar, Sénégal",https://images.coinafrique.com/thumb_4888701_uploaded_image1_1723387152.jpg
Chiot Cairn Terrier,75000,"Mamelles, Dakar, Sénégal",https://images.coinafrique.com/thumb_3403879_uploaded_image1_1635228058.jpg
Chiots bichons maltais femelles,150000,"Mamelles, Dakar, Sénégal",https://images.coinafrique.com/thumb_5042102_uploaded_image1_1731512419.jpg
Chiots bichons maltais femelles,150000,"Mamelles, Dakar, Sénégal",https://images.coinafrique.com/thumb_5042102_uploaded_image1_1731512419.jpg
Chiots bichons maltais femelles,150000,"Mamelles, Dakar, Sénégal",https://images.coinafrique.com/thumb_5042102_uploaded_image1_1731512419.jpg
Chiots bichons maltais femelles,150000,"Mamelles, Dakar, Sénégal",https://images.coinafrique.com/thumb_5042102_uploaded_image1_1731512419.jpg
Chiot pitbull,250000,"Hann Bel-Air, Dakar, Sénégal",https://images.coinafrique.com/thumb_3442911_uploaded_image1_1637185024.jpg
Chien Husky Siberien,350000,"Dakar Plateau, Dakar, Sénégal",https://images.coinafrique.com/thumb_3443483_uploaded_image1_1637231939.jpg
Chien Husky Siberien,350000,"Dakar Plateau, Dakar, Sénégal",https://images.coinafrique.com/thumb_3443483_uploaded_image1_1637231939.jpg
Chiot Labrador,350000,"Guediawaye, Dakar, Sénégal",https://images.coinafrique.com/thumb_3756515_uploaded_image1_1656067446.jpg
Chiot Berger Allemand,100000,"Thies, Sénégal",https://images.coinafrique.com/thumb_4943304_uploaded_image1_1726252041.jpg
Chiot loup métissé,120000,"Keur Massar, Sénégal",https://images.coinafrique.com/thumb_3459451_uploaded_image1_1638229979.jpg
Chiot Berger Allemand,150000,"Cambérène, Dakar, Sénégal",https://images.coinafrique.com/thumb_4875998_uploaded_image1_1722728517.jpg
Chien Pittbull,350000,"Dakar Plateau, Dakar, Sénégal",https://images.coinafrique.com/thumb_3474335_uploaded_image1_1638955282.jpg
Chien Husky,400000,"Dakar Plateau, Dakar, Sénégal",https://images.coinafrique.com/thumb_3474340_uploaded_image1_1638955416.jpg
Chiots bichons maltais femelles,150000,"Mamelles, Dakar, Sénégal",https://images.coinafrique.com/thumb_5042102_uploaded_image1_1731512419.jpg
Cane Corso de 4 mois,450000,"Sicap Liberté, Dakar, Sénégal",https://images.coinafrique.com/thumb_4919921_uploaded_image1_1725115686.jpg
Chiot Caniche,120000,"Grand Yoff, Dakar, Sénégal",https://images.coinafrique.com/thumb_4404913_uploaded_image1_1696555140.jpg
Chiots bichons maltais femelles,150000,"Mamelles, Dakar, Sénégal",https://images.coinafrique.com/thumb_5042102_uploaded_image1_1731512419.jpg
Chiots bichons maltais femelles,150000,"Mamelles, Dakar, Sénégal",https://images.coinafrique.com/thumb_5042102_uploaded_image1_1731512419.jpg
Chien Pitbull mâle,110000,"Dakar, Sénégal",https://images.coinafrique.com/thumb_3532010_uploaded_image1_1642671792.jpg
Chiot Rottweiler,200000,"Keur Massar, Sénégal",https://images.coinafrique.com/thumb_3508376_uploaded_image1_1641305550.jpg
Chiots bichons maltais femelles,150000,"Mamelles, Dakar, Sénégal",https://images.coinafrique.com/thumb_5042102_uploaded_image1_1731512419.jpg
Chiot Caniche bichon,150000,"Dakar, Sénégal",https://images.coinafrique.com/thumb_4117078_uploaded_image1_1677779647.jpg
Chien Berger Allemand,310000,"Rufisque, Sénégal",https://images.coinafrique.com/thumb_4679501_uploaded_image1_1712415418.jpg
Husky blanc sibérie,600000,"Dakar Plateau, Dakar, Sénégal",https://images.coinafrique.com/thumb_3515349_uploaded_image1_1641650640.jpg
Chiots bichons maltais femelles,150000,"Mamelles, Dakar, Sénégal",https://images.coinafrique.com/thumb_5042102_uploaded_image1_1731512419.jpg
Chiot pitbull,100000,"Guediawaye, Dakar, Sénégal",https://images.coinafrique.com/thumb_4180447_uploaded_image1_1681745968.jpg
Chien malinois,200000,"Sicap Liberté, Dakar, Sénégal",https://images.coinafrique.com/thumb_3526946_uploaded_image1_1642346487.jpg
Dalmatien,500000,"Cambérène, Dakar, Sénégal",https://images.coinafrique.com/thumb_3535198_uploaded_image2_1642854976.jpeg
Chiot Berger Allemand,100000,"HLM, Dakar, Sénégal",https://images.coinafrique.com/thumb_3536621_uploaded_image1_1642974504.jpg
Chiot Amstaff,150000,"Mamelles, Dakar, Sénégal",https://images.coinafrique.com/thumb_3538182_uploaded_image1_1643104371.jpg
Chien Dogue Allemand croisé Berger,150000,"Dakar Plateau, Dakar, Sénégal",https://images.coinafrique.com/thumb_3538695_uploaded_image1_1643123090.jpg
Chiot Caniche,200000,"Guediawaye, Dakar, Sénégal",https://images.coinafrique.com/thumb_3539780_uploaded_image1_1643199203.jpg
Chiot Berger Allemand,120000,"Mbao, Dakar, Sénégal",https://images.coinafrique.com/thumb_5040967_uploaded_image1_1731453566.jpg
Femelle pitt,130000,"Saint Louis, Sénégal",https://images.coinafrique.com/thumb_3555055_uploaded_image1_1644018829.jpg
Chien Rottweiler,200000,"Dakar Plateau, Dakar, Sénégal",https://images.coinafrique.com/thumb_3559497_uploaded_image1_1644342610.jpg
Vente de chiots,130000,"Almadies, Dakar, Sénégal",https://images.coinafrique.com/thumb_4885713_uploaded_image1_1723206642.jpg
Caniches,200000,"Yoff, Dakar, Sénégal",https://images.coinafrique.com/thumb_3564716_uploaded_image1_1644653719.jpg
Chien Husky Berger,200000,"Mermoz-Sacré Coeur, Dakar, Sénégal",https://images.coinafrique.com/thumb_3567601_uploaded_image1_1644861792.jpg
Chiot Caniche,140000,"Mermoz-Sacré Coeur, Dakar, Sénégal",https://images.coinafrique.com/thumb_4546796_uploaded_image1_1705343315.jpg
Berger allemand,150000,"Keur Massar, Sénégal",https://images.coinafrique.com/thumb_4888701_uploaded_image1_1723387152.jpg
Chiot Berger Allemand,200000,"Dakar, Sénégal",https://images.coinafrique.com/thumb_4970950_uploaded_image1_1727800187.jpg
Chiots bichons maltais femelles,150000,"Mamelles, Dakar, Sénégal",https://images.coinafrique.com/thumb_5042102_uploaded_image1_1731512419.jpg
Chiot mâle Pitbull,120000,"Saint Louis, Sénégal",https://images.coinafrique.com/thumb_3596319_uploaded_image1_1646581647.jpg
Chiots Bergers Allemands,150000,"Fass, Dakar, Sénégal",https://images.coinafrique.com/thumb_3737750_uploaded_image1_1654966380.jpg
Chiot Husky,600000,"Fass, Dakar, Sénégal",https://images.coinafrique.com/thumb_3603086_uploaded_image1_1646937069.jpg
Berger allemand,150000,"Keur Massar, Sénégal",https://images.coinafrique.com/thumb_4888701_uploaded_image1_1723387152.jpg
Chien Bichon Maltais,250000,"Ouest Foire, Dakar, Sénégal",https://images.coinafrique.com/thumb_3605748_uploaded_image1_1647097502.jpg
Chiot Husky pur sang,250000,"Ouest Foire, Dakar, Sénégal",https://images.coinafrique.com/thumb_4814513_uploaded_image1_1719531765.jpg
Chiots bichons maltais femelles,150000,"Mamelles, Dakar, Sénégal",https://images.coinafrique.com/thumb_5042102_uploaded_image1_1731512419.jpg
Chiots bichons maltais femelles,150000,"Mamelles, Dakar, Sénégal",https://images.coinafrique.com/thumb_5042102_uploaded_image1_1731512419.jpg
Chiots Berger Malinois,80000,"Thies, Sénégal",https://images.coinafrique.com/thumb_5031965_uploaded_image1_1730994734.jpg
Chiot dog allemand,650000,"Fass, Dakar, Sénégal",https://images.coinafrique.com/thumb_3627007_uploaded_image1_1648504683.jpg
Chiots cane corso,650000,"Fass, Dakar, Sénégal",https://images.coinafrique.com/thumb_3627009_uploaded_image1_1648504752.jpg
Vente de chiots,130000,"Almadies, Dakar, Sénégal",https://images.coinafrique.com/thumb_4885713_uploaded_image1_1723206642.jpg
Chiots bichons maltais femelles,150000,"Mamelles, Dakar, Sénégal",https://images.coinafrique.com/thumb_5042102_uploaded_image1_1731512419.jpg
Chiots bichons maltais femelles,150000,"Mamelles, Dakar, Sénégal",https://images.coinafrique.com/thumb_5042102_uploaded_image1_1731512419.jpg
Chien malinois belge,400000,"Almadies, Dakar, Sénégal",https://images.coinafrique.com/thumb_3651393_uploaded_image1_1649830979.jpg
Chiots Berger Allemand,180000,"Mariste, Dakar, Sénégal",https://images.coinafrique.com/thumb_3671351_uploaded_image1_1651056079.jpg
Chiot Berger Allemand,200000,"Dakar, Sénégal",https://images.coinafrique.com/thumb_4970950_uploaded_image1_1727800187.jpg
Chiots bichons maltais femelles,150000,"Mamelles, Dakar, Sénégal",https://images.coinafrique.com/thumb_5042102_uploaded_image1_1731512419.jpg
Chiots bichons maltais femelles,150000,"Mamelles, Dakar, Sénégal",https://images.coinafrique.com/thumb_5042102_uploaded_image1_1731512419.jpg
Chien Boerbull,350000,"Rufisque, Sénégal",https://images.coinafrique.com/thumb_3675601_uploaded_image1_1651344929.jpg
Chiot Berger Allemand,200000,"Dakar, Sénégal",https://images.coinafrique.com/thumb_4970950_uploaded_image1_1727800187.jpg
Chiot Caniche bichon,300000,"Gueule Tapée, Dakar, Sénégal",https://images.coinafrique.com/thumb_3680927_uploaded_image1_1651687101.jpg
Chiots Chowsky,600000,"Dakar, Sénégal",https://images.coinafrique.com/thumb_3685884_uploaded_image1_1651951280.jpg
Chiots Labradors,65000,"Grand Dakar, Dakar, Sénégal",https://images.coinafrique.com/thumb_3696528_uploaded_image1_1652568034.jpg
Rottweiler royal  femelle,350000,"Toubab Dialao, Sénégal",https://images.coinafrique.com/thumb_3696751_uploaded_image1_1652605169.jpg
Chiot Berger Allemand,100000,"Thies, Sénégal",https://images.coinafrique.com/thumb_4943304_uploaded_image1_1726252041.jpg
Bichon malte,95000,"Sicap Liberté, Dakar, Sénégal",https://images.coinafrique.com/thumb_3701821_uploaded_image1_1652903283.jpg
Chien Pitbull,500000,"Pout, Sénégal",https://images.coinafrique.com/thumb_3702631_uploaded_image1_1652963572.jpg
Chiot Berger Malinois,230000,"Mbour, Sénégal",https://images.coinafrique.com/thumb_4997477_uploaded_image1_1729105958.jpg
Chiots Bergers Allemands,150000,"Fass, Dakar, Sénégal",https://images.coinafrique.com/thumb_3737750_uploaded_image1_1654966380.jpg
Chiots bichons maltais femelles,150000,"Mamelles, Dakar, Sénégal",https://images.coinafrique.com/thumb_5042102_uploaded_image1_1731512419.jpg
Chien malinois,200000,"HLM, Dakar, Sénégal",https://images.coinafrique.com/thumb_3722963_uploaded_image1_1654171360.jpg
Chiots Bergers Allemands,150000,"Fass, Dakar, Sénégal",https://images.coinafrique.com/thumb_3737750_uploaded_image1_1654966380.jpg
Caniche Bichon,275000,"Gueule Tapée, Dakar, Sénégal",https://images.coinafrique.com/thumb_3745475_uploaded_image1_1655394522.jpg
Chiot Labrador,350000,"Guediawaye, Dakar, Sénégal",https://images.coinafrique.com/thumb_3756515_uploaded_image1_1656067446.jpg
Chiot Boerboel,250000,"Dakar, Sénégal",https://images.coinafrique.com/thumb_4951796_uploaded_image1_1726751862.jpg
Husky de Sibérie,350000,"Mboro, Sénégal",https://images.coinafrique.com/thumb_3760923_uploaded_image1_1656352716.jpg
Chiots métissés berger allemand,300000,"Mbour, Sénégal",https://images.coinafrique.com/thumb_3763206_uploaded_image1_1656503598.jpg
Chiots bichons maltais femelles,150000,"Mamelles, Dakar, Sénégal",https://images.coinafrique.com/thumb_5042102_uploaded_image1_1731512419.jpg
Chiot pitbull,125000,"Mariste, Dakar, Sénégal",https://images.coinafrique.com/thumb_3765560_uploaded_image1_1656635723.jpg
Chiots bichons maltais femelles,150000,"Mamelles, Dakar, Sénégal",https://images.coinafrique.com/thumb_5042102_uploaded_image1_1731512419.jpg
Pitbull,200000,"Mbao, Dakar, Sénégal",https://images.coinafrique.com/thumb_3782217_uploaded_image1_1657654646.jpg
Pit bull terrier,100000,"Mbao, Dakar, Sénégal",https://images.coinafrique.com/thumb_3807116_uploaded_image1_1659270891.jpg
Chiots bulldog français,700000,"Mermoz-Sacré Coeur, Dakar, Sénégal",https://images.coinafrique.com/thumb_3788228_uploaded_image1_1658070642.jpg
Chiots bichons maltais femelles,150000,"Mamelles, Dakar, Sénégal",https://images.coinafrique.com/thumb_5042102_uploaded_image1_1731512419.jpg
Chiot,100000,"Dakar, Sénégal",https://images.coinafrique.com/thumb_3798734_uploaded_image1_1658755588.jpg
Chiots bichons maltais femelles,150000,"Mamelles, Dakar, Sénégal",https://images.coinafrique.com/thumb_5042102_uploaded_image1_1731512419.jpg
Pit bull terrier,100000,"Mbao, Dakar, Sénégal",https://images.coinafrique.com/thumb_3807116_uploaded_image1_1659270891.jpg
Chiot berger allemand,150000,"Ngaparou, Sénégal",https://images.coinafrique.com/thumb_3858177_uploaded_image1_1662077390.jpg
Chiots bichons maltais femelles,150000,"Mamelles, Dakar, Sénégal",https://images.coinafrique.com/thumb_5042102_uploaded_image1_1731512419.jpg
Husky Sibérien,600000,"Diamalaye 1, Dakar, Sénégal",https://images.coinafrique.com/thumb_3826391_uploaded_image1_1660255503.jpg
Chiot Husky,400000,"Sicap Liberté, Dakar, Sénégal",https://images.coinafrique.com/thumb_3842536_uploaded_image1_1661251974.jpg
Chiots bichons maltais femelles,150000,"Mamelles, Dakar, Sénégal",https://images.coinafrique.com/thumb_5042102_uploaded_image1_1731512419.jpg
Chiots bichons maltais femelles,150000,"Mamelles, Dakar, Sénégal",https://images.coinafrique.com/thumb_5042102_uploaded_image1_1731512419.jpg
Chiots bichons maltais femelles,150000,"Mamelles, Dakar, Sénégal",https://images.coinafrique.com/thumb_5042102_uploaded_image1_1731512419.jpg
Chiot  Husky,390000,"Mamelles, Dakar, Sénégal",https://images.coinafrique.com/thumb_3833295_uploaded_image1_1660690344.jpg
Chiots Pitbull,200000,"Dakar, Sénégal",https://images.coinafrique.com/thumb_4951773_uploaded_image1_1726751081.jpg
Chiots Pitbull,200000,"Dakar, Sénégal",https://images.coinafrique.com/thumb_4951773_uploaded_image1_1726751081.jpg
Chiot Husky,400000,"Sicap Liberté, Dakar, Sénégal",https://images.coinafrique.com/thumb_3842536_uploaded_image1_1661251974.jpg
Chiot Berger Malinois,200000,"Rufisque, Sénégal",https://images.coinafrique.com/thumb_4969271_uploaded_image1_1727731274.jpg
Chiot berger allemand,150000,"Ngaparou, Sénégal",https://images.coinafrique.com/thumb_3858177_uploaded_image1_1662077390.jpg
Caniche bichon,200000,"Sicap Liberté, Dakar, Sénégal",https://images.coinafrique.com/thumb_3861980_uploaded_image1_1662259844.jpg
Chiots bichons maltais femelles,150000,"Mamelles, Dakar, Sénégal",https://images.coinafrique.com/thumb_5042102_uploaded_image1_1731512419.jpg
Chiot Berger Allemand,120000,"Mbao, Dakar, Sénégal",https://images.coinafrique.com/thumb_5040967_uploaded_image1_1731453566.jpg
Chiot malinois,250000,"Toubab Dialao, Sénégal",https://images.coinafrique.com/thumb_3867595_uploaded_image2_1662560517.jpeg
Chienne Cane Corso,400000,"Toubab Dialao, Sénégal",https://images.coinafrique.com/thumb_3867600_uploaded_image1_1662560691.jpg
Chiot Berger Malinois femelle,300000,"Yoff, Dakar, Sénégal",https://images.coinafrique.com/thumb_3874592_uploaded_image1_1662985359.jpg
Chiot femelle boerboel,550000,"Thies, Sénégal",https://images.coinafrique.com/thumb_3874975_uploaded_image1_1662997342.jpg
Chiot Berger Malinois,200000,"Rufisque, Sénégal",https://images.coinafrique.com/thumb_4969271_uploaded_image1_1727731274.jpg
Chiots Berger Allemand,150000,"Mamelles, Dakar, Sénégal",https://images.coinafrique.com/thumb_3890175_uploaded_image1_1663943837.jpg
Chiots Bulldogs français,500000,"Sacré-Coeur, Dakar, Sénégal",https://images.coinafrique.com/thumb_3893742_uploaded_image1_1664199903.jpg
Chiots Bulldogs français,500000,"Sacré-Coeur, Dakar, Sénégal",https://images.coinafrique.com/thumb_3893742_uploaded_image1_1664199903.jpg
Chiots Pinschers toy,400000,"Sacré-Coeur, Dakar, Sénégal",https://images.coinafrique.com/thumb_3893750_uploaded_image1_1664200070.jpg
Berger allemand,150000,"Keur Massar, Sénégal",https://images.coinafrique.com/thumb_4888701_uploaded_image1_1723387152.jpg
Chiots bichons maltais femelles,150000,"Mamelles, Dakar, Sénégal",https://images.coinafrique.com/thumb_5042102_uploaded_image1_1731512419.jpg
Chiots métisse malinois et berger belge,120000,"Diamniadio, Sénégal",https://images.coinafrique.com/thumb_3899662_uploaded_image1_1664548562.jpg
Chiens berger allemand,200000,"Keur Massar, Sénégal",https://images.coinafrique.com/thumb_4172538_uploaded_image1_1681227060.jpg
Chiots Rottweilers,250000,"Ouest Foire, Dakar, Sénégal",https://images.coinafrique.com/thumb_3905906_uploaded_image1_1664894472.jpg
Chiots Berger Allemand,180000,"Mariste, Dakar, Sénégal",https://images.coinafrique.com/thumb_3671351_uploaded_image1_1651056079.jpg
Chiot Rottweiler,250,"Dakar, Sénégal",https://images.coinafrique.com/thumb_5004868_uploaded_image1_1729539442.jpg
Chiot Béninois Marocain,150000,"Yoff, Dakar, Sénégal",https://images.coinafrique.com/thumb_3917424_uploaded_image1_1665594964.jpg
Chiot Berger Allemand,100000,"Thies, Sénégal",https://images.coinafrique.com/thumb_4943304_uploaded_image1_1726252041.jpg
Chiots bichons maltais femelles,150000,"Mamelles, Dakar, Sénégal",https://images.coinafrique.com/thumb_5042102_uploaded_image1_1731512419.jpg
Bergers Belges Malinois,200000,"Ouakam, Dakar, Sénégal",https://images.coinafrique.com/thumb_3939343_uploaded_image1_1666955832.jpg
Chiot Berger Allemand,200000,"Dakar, Sénégal",https://images.coinafrique.com/thumb_4970950_uploaded_image1_1727800187.jpg
Femelle Husky,500000,"Pikine, Sénégal",https://images.coinafrique.com/thumb_3950534_uploaded_image1_1667574665.jpg
Berger Malinois,1200000,"Pikine, Sénégal",https://images.coinafrique.com/thumb_3961682_uploaded_image3_1668213260.jpeg
Berger Malinois,1200000,"Pikine, Sénégal",https://images.coinafrique.com/thumb_3961682_uploaded_image3_1668213260.jpeg
Chiots bichons maltais femelles,150000,"Mamelles, Dakar, Sénégal",https://images.coinafrique.com/thumb_5042102_uploaded_image1_1731512419.jpg
Chiots bichons maltais femelles,150000,"Mamelles, Dakar, Sénégal",https://images.coinafrique.com/thumb_5042102_uploaded_image1_1731512419.jpg
Chiot Berger Allemand,150000,"Thies, Sénégal",https://images.coinafrique.com/thumb_4532817_uploaded_image1_1704659367.jpg
Chiot Berger Allemand,150000,"Colobane, Dakar, Sénégal",https://images.coinafrique.com/thumb_4005622_uploaded_image1_1670861007.jpg
Chiots Husky,150000,"Cambérène, Dakar, Sénégal",https://images.coinafrique.com/thumb_4023358_uploaded_image1_1672057592.jpg
Chiots Husky,150000,"Cambérène, Dakar, Sénégal",https://images.coinafrique.com/thumb_4023358_uploaded_image1_1672057592.jpg
Chiots bichons maltais femelles,150000,"Mamelles, Dakar, Sénégal",https://images.coinafrique.com/thumb_5042102_uploaded_image1_1731512419.jpg
Chiots bichons maltais femelles,150000,"Mamelles, Dakar, Sénégal",https://images.coinafrique.com/thumb_5042102_uploaded_image1_1731512419.jpg
Chiots bichons maltais femelles,150000,"Mamelles, Dakar, Sénégal",https://images.coinafrique.com/thumb_5042102_uploaded_image1_1731512419.jpg
Chiots cane corso,350000,"Saly, Sénégal",https://images.coinafrique.com/thumb_4034427_uploaded_image1_1672853648.jpg
Chiots bichons maltais femelles,150000,"Mamelles, Dakar, Sénégal",https://images.coinafrique.com/thumb_5042102_uploaded_image1_1731512419.jpg
Chiots bichons maltais femelles,150000,"Mamelles, Dakar, Sénégal",https://images.coinafrique.com/thumb_5042102_uploaded_image1_1731512419.jpg
Chiot Berger Allemand,200000,"Dakar, Sénégal",https://images.coinafrique.com/thumb_4970950_uploaded_image1_1727800187.jpg
Chiot Berger Allemand,150000,"Cambérène, Dakar, Sénégal",https://images.coinafrique.com/thumb_4875998_uploaded_image1_1722728517.jpg
Chiots bichons maltais femelles,150000,"Mamelles, Dakar, Sénégal",https://images.coinafrique.com/thumb_5042102_uploaded_image1_1731512419.jpg
Chiots bichons maltais femelles,150000,"Mamelles, Dakar, Sénégal",https://images.coinafrique.com/thumb_5042102_uploaded_image1_1731512419.jpg
Chiot Rottweiller,200000,"Dieuppeul-Derklé, Dakar, Sénégal",https://images.coinafrique.com/thumb_4051242_uploaded_image1_1673810971.jpg
Berger allemand,150000,"Keur Massar, Sénégal",https://images.coinafrique.com/thumb_4888701_uploaded_image1_1723387152.jpg
Chiot Golden Retriever,650000,"Fann, Dakar, Sénégal",https://images.coinafrique.com/thumb_4059349_uploaded_image1_1674300377.jpg
Chiots Pitbull,200000,"Dakar, Sénégal",https://images.coinafrique.com/thumb_4951773_uploaded_image1_1726751081.jpg
Chiots bichons maltais femelles,150000,"Mamelles, Dakar, Sénégal",https://images.coinafrique.com/thumb_5042102_uploaded_image1_1731512419.jpg
Chiots Pitbull,200000,"Dakar, Sénégal",https://images.coinafrique.com/thumb_4951773_uploaded_image1_1726751081.jpg
Chiot Berger Allemand,200000,"Dakar, Sénégal",https://images.coinafrique.com/thumb_4970950_uploaded_image1_1727800187.jpg
Chiot Berger Malinois,200000,"Rufisque, Sénégal",https://images.coinafrique.com/thumb_4969271_uploaded_image1_1727731274.jpg
Bichons maltais,300000,"Dakar, Sénégal",https://images.coinafrique.com/thumb_3143508_uploaded_image1_1622507623.jpg
Chiot Caniche bichon,150000,"Dakar, Sénégal",https://images.coinafrique.com/thumb_4117078_uploaded_image1_1677779647.jpg
Chiots malinois,280000,"Mermoz-Sacré Coeur, Dakar, Sénégal",https://images.coinafrique.com/thumb_4118286_uploaded_image1_1677846223.jpg
Chiots bichons maltais femelles,150000,"Mamelles, Dakar, Sénégal",https://images.coinafrique.com/thumb_5042102_uploaded_image1_1731512419.jpg
Chiot Berger Allemand,200000,"Dakar, Sénégal",https://images.coinafrique.com/thumb_4970950_uploaded_image1_1727800187.jpg
Chien Bichon,150000,"Ouakam, Dakar, Sénégal",https://images.coinafrique.com/thumb_4124637_uploaded_image1_1678229133.jpg
Chiot Berger Allemand,120000,"Mbao, Dakar, Sénégal",https://images.coinafrique.com/thumb_5040967_uploaded_image1_1731453566.jpg
Chiots bichons maltais femelles,150000,"Mamelles, Dakar, Sénégal",https://images.coinafrique.com/thumb_5042102_uploaded_image1_1731512419.jpg
Chiens Rottweiler,1350000,"Almadies, Dakar, Sénégal",https://images.coinafrique.com/thumb_4126333_uploaded_image1_1678330232.jpg
Chienne Labrador,650000,"Almadies, Dakar, Sénégal",https://images.coinafrique.com/thumb_4126334_uploaded_image1_1678330605.jpg
Chienne Golden Retriever,700000,"Almadies, Dakar, Sénégal",https://images.coinafrique.com/thumb_4126336_uploaded_image1_1678330762.jpg
Chiot Malinois 4 mois,275,"Dakar, Sénégal",https://images.coinafrique.com/thumb_4807147_uploaded_image2_1719173692.jpeg
Chiot Berger Allemand,200000,"Dakar, Sénégal",https://images.coinafrique.com/thumb_4970950_uploaded_image1_1727800187.jpg
Berger allemand,150000,"Keur Massar, Sénégal",https://images.coinafrique.com/thumb_4888701_uploaded_image1_1723387152.jpg
Chiot Bichon,150,"Dakar, Sénégal",https://images.coinafrique.com/thumb_4165184_uploaded_image1_1680766831.jpg
Chiot Berger Allemand,125000,"Diamniadio, Sénégal",https://images.coinafrique.com/thumb_4141061_uploaded_image1_1679304713.jpg
Chiots bichons maltais femelles,150000,"Mamelles, Dakar, Sénégal",https://images.coinafrique.com/thumb_5042102_uploaded_image1_1731512419.jpg
Chiot Berger Allemand,125000,"Diamniadio, Sénégal",https://images.coinafrique.com/thumb_4141061_uploaded_image1_1679304713.jpg
Chiots,250000,"Dakar, Sénégal",https://images.coinafrique.com/thumb_4344699_uploaded_image1_1692644593.jpg
Chien Jack russell,175000,"Mariste, Dakar, Sénégal",https://images.coinafrique.com/thumb_4142083_uploaded_image1_1679347655.jpg
Chiots bichons maltais femelles,150000,"Mamelles, Dakar, Sénégal",https://images.coinafrique.com/thumb_5042102_uploaded_image1_1731512419.jpg
Chiots bichons maltais femelles,150000,"Mamelles, Dakar, Sénégal",https://images.coinafrique.com/thumb_5042102_uploaded_image1_1731512419.jpg
Chiot Berger Malinois,200000,"Rufisque, Sénégal",https://images.coinafrique.com/thumb_4969271_uploaded_image1_1727731274.jpg
Chiots Berger Belge,250000,"Dakar Plateau, Dakar, Sénégal",https://images.coinafrique.com/thumb_4206429_uploaded_image1_1683473426.jpg
Chiot Malinois 4 mois,275,"Dakar, Sénégal",https://images.coinafrique.com/thumb_4807147_uploaded_image2_1719173692.jpeg
Chiots bichons maltais femelles,150000,"Mamelles, Dakar, Sénégal",https://images.coinafrique.com/thumb_5042102_uploaded_image1_1731512419.jpg
Chiots labrador,400000,"Rufisque, Sénégal",https://images.coinafrique.com/thumb_4167214_uploaded_image1_1680870219.jpg
Chiot  Caniche,300000,"Ngor, Dakar, Sénégal",https://images.coinafrique.com/thumb_4169389_uploaded_image1_1681006575.jpg
Chiots Berger Allemand,125000,"Almadies, Dakar, Sénégal",https://images.coinafrique.com/thumb_4220216_uploaded_image1_1684354056.jpg
Chiens berger allemand,200000,"Keur Massar, Sénégal",https://images.coinafrique.com/thumb_4172538_uploaded_image1_1681227060.jpg
Chiots bichons maltais femelles,150000,"Mamelles, Dakar, Sénégal",https://images.coinafrique.com/thumb_5042102_uploaded_image1_1731512419.jpg
Chiots Bergers Allemands,125000,"Saly, Sénégal",https://images.coinafrique.com/thumb_4530727_uploaded_image1_1704546741.jpg
Chiots bichons maltais femelles,150000,"Mamelles, Dakar, Sénégal",https://images.coinafrique.com/thumb_5042102_uploaded_image1_1731512419.jpg
Chiot pitbull,100000,"Guediawaye, Dakar, Sénégal",https://images.coinafrique.com/thumb_4180447_uploaded_image1_1681745968.jpg
Chiot Berger Malinois,200000,"Rufisque, Sénégal",https://images.coinafrique.com/thumb_4969271_uploaded_image1_1727731274.jpg
Chien Berger Belge Malinois,250000,"Mbao, Dakar, Sénégal",https://images.coinafrique.com/thumb_4687438_uploaded_image1_1712878170.jpg
Chiot berger malinois,130000,"Mariste, Dakar, Sénégal",https://images.coinafrique.com/thumb_4189681_uploaded_image1_1682428415.jpg
Chiens,150000,"Lac rose, Sénégal",https://images.coinafrique.com/thumb_4190505_uploaded_image1_1682468019.jpg
Chienne malinoise,250000,"Dakar, Sénégal",https://images.coinafrique.com/thumb_4191047_uploaded_image1_1682510654.jpg
Chien Malinois,77963888,"Dakar, Sénégal",https://images.coinafrique.com/thumb_4806294_uploaded_image1_1719106703.jpg
Chiot Berger Allemand,200000,"Dakar, Sénégal",https://images.coinafrique.com/thumb_4970950_uploaded_image1_1727800187.jpg
Chiot Berger Allemand,200000,"Dakar, Sénégal",https://images.coinafrique.com/thumb_4970950_uploaded_image1_1727800187.jpg
Chiot Berger Allemand,200000,"Dakar, Sénégal",https://images.coinafrique.com/thumb_4970950_uploaded_image1_1727800187.jpg
Chiots Caniches,150000,"Dakar Plateau, Dakar, Sénégal",https://images.coinafrique.com/thumb_4206419_uploaded_image1_1683473050.jpg
Chiots Berger Allemand,150000,"Dakar Plateau, Dakar, Sénégal",https://images.coinafrique.com/thumb_4206427_uploaded_image1_1683473206.jpg
Chiots Berger Belge,250000,"Dakar Plateau, Dakar, Sénégal",https://images.coinafrique.com/thumb_4206429_uploaded_image1_1683473426.jpg
Chiot Berger Allemand,100000,"Thies, Sénégal",https://images.coinafrique.com/thumb_4943304_uploaded_image1_1726252041.jpg
Chiots Pitbull,100000,"Ouest Foire, Dakar, Sénégal",https://images.coinafrique.com/thumb_4226576_uploaded_image1_1684815976.jpg
Chiots Pitbulls,190000,"Ouakam, Dakar, Sénégal",https://images.coinafrique.com/thumb_4219520_uploaded_image2_1684323670.jpeg
Chiots Berger Allemand,125000,"Almadies, Dakar, Sénégal",https://images.coinafrique.com/thumb_4220216_uploaded_image1_1684354056.jpg
Chiots bichons maltais femelles,150000,"Mamelles, Dakar, Sénégal",https://images.coinafrique.com/thumb_5042102_uploaded_image1_1731512419.jpg
Chiot Berger Allemand,200000,"Dakar, Sénégal",https://images.coinafrique.com/thumb_4970950_uploaded_image1_1727800187.jpg
Chiots Pitbull,100000,"Ouest Foire, Dakar, Sénégal",https://images.coinafrique.com/thumb_4226576_uploaded_image1_1684815976.jpg
Chien,350000,"Keur Massar, Sénégal",https://images.coinafrique.com/thumb_4969495_uploaded_image1_1727744912.jpg
Chien  Rottweiler,350000,"Dakar, Sénégal",https://images.coinafrique.com/thumb_4242529_uploaded_image1_1685899419.jpg
Chiots  Bergers australien,650000,"Saly, Sénégal",https://images.coinafrique.com/thumb_4242936_uploaded_image1_1685941455.jpg
Chiot Malinois 4 mois,275,"Dakar, Sénégal",https://images.coinafrique.com/thumb_4807147_uploaded_image2_1719173692.jpeg
Chiot malinois femelle,250000,"Saly, Sénégal",https://images.coinafrique.com/thumb_4795597_uploaded_image1_1718373916.jpg
Chien berger Allemand,250000,"Mamelles, Dakar, Sénégal",https://images.coinafrique.com/thumb_4263673_uploaded_image1_1687280336.jpg
Chiot Berger Allemand,200000,"Dakar, Sénégal",https://images.coinafrique.com/thumb_4970950_uploaded_image1_1727800187.jpg
Chiot Berger Allemand,200000,"Dakar, Sénégal",https://images.coinafrique.com/thumb_4970950_uploaded_image1_1727800187.jpg
Chiots bichons maltais femelles,150000,"Mamelles, Dakar, Sénégal",https://images.coinafrique.com/thumb_5042102_uploaded_image1_1731512419.jpg
Chiot Berger Allemand,200000,"Dakar, Sénégal",https://images.coinafrique.com/thumb_4970950_uploaded_image1_1727800187.jpg
Chiots bichons maltais femelles,150000,"Mamelles, Dakar, Sénégal",https://images.coinafrique.com/thumb_5042102_uploaded_image1_1731512419.jpg
Chiot croisé Husky / Berger Allemand,180000,"Parcelle Assainies, Dakar, Sénégal",https://images.coinafrique.com/thumb_4280738_uploaded_image2_1688487016.jpeg
Chiots Cane Corso,350000,"Almadies, Dakar, Sénégal",https://images.coinafrique.com/thumb_4295604_uploaded_image1_1689430034.jpg
Chiots Husky,150000,"Cambérène, Dakar, Sénégal",https://images.coinafrique.com/thumb_4023358_uploaded_image1_1672057592.jpg
Chiots Labradors,650000,"Almadies, Dakar, Sénégal",https://images.coinafrique.com/thumb_4287921_uploaded_image1_1688944788.jpg
Chien Malinois,77963888,"Dakar, Sénégal",https://images.coinafrique.com/thumb_4806294_uploaded_image1_1719106703.jpg
Chiots  Akita japonaise,850000,"Fann, Dakar, Sénégal",https://images.coinafrique.com/thumb_4294289_uploaded_image1_1689338730.jpg
Chiots Cane Corso,350000,"Almadies, Dakar, Sénégal",https://images.coinafrique.com/thumb_4295604_uploaded_image1_1689430034.jpg
Chiots Berger Allemand,250000,"Saint Louis, Sénégal",https://images.coinafrique.com/thumb_5013765_uploaded_image1_1730056659.jpg
Chiot Cane Corso,400000,"Pikine, Sénégal",https://images.coinafrique.com/thumb_4300394_uploaded_image1_1689770783.jpg
Chiot Spitz Nain,180000,"Sacré-Coeur, Dakar, Sénégal",https://images.coinafrique.com/thumb_4305634_uploaded_image1_1690146671.jpg
Chiots bichons maltais femelles,150000,"Mamelles, Dakar, Sénégal",https://images.coinafrique.com/thumb_5042102_uploaded_image1_1731512419.jpg
Chiot  Bichon nain,200000,"Almadies, Dakar, Sénégal",https://images.coinafrique.com/thumb_4311860_uploaded_image1_1690537675.jpg
Chiot Malinois 4 mois,275,"Dakar, Sénégal",https://images.coinafrique.com/thumb_4807147_uploaded_image2_1719173692.jpeg
Chiots bichons maltais femelles,150000,"Mamelles, Dakar, Sénégal",https://images.coinafrique.com/thumb_5042102_uploaded_image1_1731512419.jpg
Chiot Berger Allemand,200000,"Dakar, Sénégal",https://images.coinafrique.com/thumb_4970950_uploaded_image1_1727800187.jpg
Chiot Berger Allemand,100000,"Thies, Sénégal",https://images.coinafrique.com/thumb_4943304_uploaded_image1_1726252041.jpg
Chiot Malinois 4 mois,275,"Dakar, Sénégal",https://images.coinafrique.com/thumb_4807147_uploaded_image2_1719173692.jpeg
Chiots bichons maltais femelles,150000,"Mamelles, Dakar, Sénégal",https://images.coinafrique.com/thumb_5042102_uploaded_image1_1731512419.jpg
Chiot Caniche,140000,"Mermoz-Sacré Coeur, Dakar, Sénégal",https://images.coinafrique.com/thumb_4546796_uploaded_image1_1705343315.jpg
Chiots bichons maltais femelles,150000,"Mamelles, Dakar, Sénégal",https://images.coinafrique.com/thumb_5042102_uploaded_image1_1731512419.jpg
Chiot Berger Malinois,200000,"Rufisque, Sénégal",https://images.coinafrique.com/thumb_4969271_uploaded_image1_1727731274.jpg
Vente de chiots,130000,"Almadies, Dakar, Sénégal",https://images.coinafrique.com/thumb_4885713_uploaded_image1_1723206642.jpg
Chiots bichons maltais femelles,150000,"Mamelles, Dakar, Sénégal",https://images.coinafrique.com/thumb_5042102_uploaded_image1_1731512419.jpg
Berger allemand pure sang,160000,"Mbour, Sénégal",https://images.coinafrique.com/thumb_4779635_uploaded_image1_1717531124.jpg
Chiots bichons maltais femelles,150000,"Mamelles, Dakar, Sénégal",https://images.coinafrique.com/thumb_5042102_uploaded_image1_1731512419.jpg
Chiot Labrador,600000,"Dakar Plateau, Dakar, Sénégal",https://images.coinafrique.com/thumb_4362528_uploaded_image1_1693831725.jpg
Berger allemand,150000,"Keur Massar, Sénégal",https://images.coinafrique.com/thumb_4888701_uploaded_image1_1723387152.jpg
Chiots Berger Allemand,150000,"Grand Yoff, Dakar, Sénégal",https://images.coinafrique.com/thumb_4372068_uploaded_image1_1694433846.jpg
Chiots  Berger Malinois,170000,"Ngor, Dakar, Sénégal",https://images.coinafrique.com/thumb_4375184_uploaded_image1_1694613400.jpg
Chiots bichons maltais femelles,150000,"Mamelles, Dakar, Sénégal",https://images.coinafrique.com/thumb_5042102_uploaded_image1_1731512419.jpg
Chiots Husky,400000,"Mariste, Dakar, Sénégal",https://images.coinafrique.com/thumb_4390232_uploaded_image1_1695643427.jpg
Chiots bichons maltais femelles,150000,"Mamelles, Dakar, Sénégal",https://images.coinafrique.com/thumb_5042102_uploaded_image1_1731512419.jpg
Chiots bichons maltais femelles,150000,"Mamelles, Dakar, Sénégal",https://images.coinafrique.com/thumb_5042102_uploaded_image1_1731512419.jpg
Chiot Berger Allemand,100000,"Thies, Sénégal",https://images.coinafrique.com/thumb_4943304_uploaded_image1_1726252041.jpg
Chiot Boerboel,400000,"Sicap foire, Dakar, Sénégal",https://images.coinafrique.com/thumb_4397438_uploaded_image1_1696155746.jpg
Chiot Cane Corso,200000,"Sicap foire, Dakar, Sénégal",https://images.coinafrique.com/thumb_4397456_uploaded_image1_1696156624.jpg
Chiot Pitbull,150000,"Sicap foire, Dakar, Sénégal",https://images.coinafrique.com/thumb_4397460_uploaded_image1_1696156833.jpg
Chien Malinois,130000,"Mamelles, Dakar, Sénégal",https://images.coinafrique.com/thumb_4399201_uploaded_image1_1696256233.jpg
Chiot Caniche,120000,"Grand Yoff, Dakar, Sénégal",https://images.coinafrique.com/thumb_4404913_uploaded_image1_1696555140.jpg
Chiots bichons maltais femelles,150000,"Mamelles, Dakar, Sénégal",https://images.coinafrique.com/thumb_5042102_uploaded_image1_1731512419.jpg
Chiots bichons maltais femelles,150000,"Mamelles, Dakar, Sénégal",https://images.coinafrique.com/thumb_5042102_uploaded_image1_1731512419.jpg
Chiots bichons maltais femelles,150000,"Mamelles, Dakar, Sénégal",https://images.coinafrique.com/thumb_5042102_uploaded_image1_1731512419.jpg
Chiot Berger Allemand,200000,"Dakar, Sénégal",https://images.coinafrique.com/thumb_4970950_uploaded_image1_1727800187.jpg
Chiot Berger Allemand,200000,"Dakar, Sénégal",https://images.coinafrique.com/thumb_4970950_uploaded_image1_1727800187.jpg
Chiots bichons maltais femelles,150000,"Mamelles, Dakar, Sénégal",https://images.coinafrique.com/thumb_5042102_uploaded_image1_1731512419.jpg
Chiot Caniche,150000,"Fass, Dakar, Sénégal",https://images.coinafrique.com/thumb_4456414_uploaded_image1_1699894532.jpg
Chiot Malinois 4 mois,275,"Dakar, Sénégal",https://images.coinafrique.com/thumb_4807147_uploaded_image2_1719173692.jpeg
Chiots bichons maltais femelles,150000,"Mamelles, Dakar, Sénégal",https://images.coinafrique.com/thumb_5042102_uploaded_image1_1731512419.jpg
Chiot Rottweiler,250,"Dakar, Sénégal",https://images.coinafrique.com/thumb_5004868_uploaded_image1_1729539442.jpg
Chiot Malinois 4 mois,275,"Dakar, Sénégal",https://images.coinafrique.com/thumb_4807147_uploaded_image2_1719173692.jpeg
Chiots bichons maltais femelles,150000,"Mamelles, Dakar, Sénégal",https://images.coinafrique.com/thumb_5042102_uploaded_image1_1731512419.jpg
Chiots bichons maltais femelles,150000,"Mamelles, Dakar, Sénégal",https://images.coinafrique.com/thumb_5042102_uploaded_image1_1731512419.jpg
Chiots bichons maltais femelles,150000,"Mamelles, Dakar, Sénégal",https://images.coinafrique.com/thumb_5042102_uploaded_image1_1731512419.jpg
Chiot Boerbool,550000,"Thies, Sénégal",https://images.coinafrique.com/thumb_4513571_uploaded_image1_1703524590.jpg
Chiens  Malinois charbonnés,700000,"Thies, Sénégal",https://images.coinafrique.com/thumb_4513573_uploaded_image1_1703524791.jpg
Chiot Berger Allemand,100000,"Thies, Sénégal",https://images.coinafrique.com/thumb_4943304_uploaded_image1_1726252041.jpg
Chiot Berger Allemand,100000,"Thies, Sénégal",https://images.coinafrique.com/thumb_4943304_uploaded_image1_1726252041.jpg
Chiots Bergers Allemands,125000,"Saly, Sénégal",https://images.coinafrique.com/thumb_4530727_uploaded_image1_1704546741.jpg
Chiot Berger Allemand,200000,"Dakar, Sénégal",https://images.coinafrique.com/thumb_4970950_uploaded_image1_1727800187.jpg
Chiot Berger Allemand,100000,"Thies, Sénégal",https://images.coinafrique.com/thumb_4943304_uploaded_image1_1726252041.jpg
Chiots Berger Malinois,80000,"Thies, Sénégal",https://images.coinafrique.com/thumb_5031965_uploaded_image1_1730994734.jpg
Chiot Rottweiler,300000,"Thies, Sénégal",https://images.coinafrique.com/thumb_4920593_uploaded_image1_1725147642.jpg
Chiots bichons maltais femelles,150000,"Mamelles, Dakar, Sénégal",https://images.coinafrique.com/thumb_5042102_uploaded_image1_1731512419.jpg
Rottweiler femelle 2 mois,275000,"Dakar, Sénégal",https://images.coinafrique.com/thumb_4543266_uploaded_image1_1705144667.jpg
Chiot Caniche,140000,"Mermoz-Sacré Coeur, Dakar, Sénégal",https://images.coinafrique.com/thumb_4546796_uploaded_image1_1705343315.jpg
Chiot femelle Malinois et Red Nose,250000,"Dakar, Sénégal",https://images.coinafrique.com/thumb_4548513_uploaded_image1_1705430390.jpg
Chiot Malinois 4 mois,275,"Dakar, Sénégal",https://images.coinafrique.com/thumb_4807147_uploaded_image2_1719173692.jpeg
Chiots bichons maltais femelles,150000,"Mamelles, Dakar, Sénégal",https://images.coinafrique.com/thumb_5042102_uploaded_image1_1731512419.jpg
Chien Malinois,77963888,"Dakar, Sénégal",https://images.coinafrique.com/thumb_4806294_uploaded_image1_1719106703.jpg
Chiens Malinois charbonner,250000,"Rufisque, Sénégal",https://images.coinafrique.com/thumb_4560526_uploaded_image1_1706096544.jpg
Chiots bichons maltais femelles,150000,"Mamelles, Dakar, Sénégal",https://images.coinafrique.com/thumb_5042102_uploaded_image1_1731512419.jpg
Chiot Berger Allemand,200000,"Dakar, Sénégal",https://images.coinafrique.com/thumb_4970950_uploaded_image1_1727800187.jpg
Chiot Rottweiler,250000,"Almadies 2, Dakar, Sénégal",https://images.coinafrique.com/thumb_4578118_uploaded_image1_1707073637.jpg
Chiot Berger Allemand,150000,"Almadies 2, Dakar, Sénégal",https://images.coinafrique.com/thumb_4578293_uploaded_image1_1707081785.jpg
Chien Boerboel,250,"Dakar, Sénégal",https://images.coinafrique.com/thumb_4580660_uploaded_image1_1707214130.jpg
Chiots bichons maltais femelles,150000,"Mamelles, Dakar, Sénégal",https://images.coinafrique.com/thumb_5042102_uploaded_image1_1731512419.jpg
Chiots bichons maltais femelles,150000,"Mamelles, Dakar, Sénégal",https://images.coinafrique.com/thumb_5042102_uploaded_image1_1731512419.jpg
Chiots bichons maltais femelles,150000,"Mamelles, Dakar, Sénégal",https://images.coinafrique.com/thumb_5042102_uploaded_image1_1731512419.jpg
Chien Berger Belge Malinois,250000,"Mbao, Dakar, Sénégal",https://images.coinafrique.com/thumb_4687438_uploaded_image1_1712878170.jpg
Chiot Berger Allemand,200000,"Dakar, Sénégal",https://images.coinafrique.com/thumb_4970950_uploaded_image1_1727800187.jpg
Chien Boerboel,275000,"Diamniadio, Sénégal",https://images.coinafrique.com/thumb_4607340_uploaded_image1_1708639477.jpg
Chiot Berger Allemand,200000,"Dakar, Sénégal",https://images.coinafrique.com/thumb_4970950_uploaded_image1_1727800187.jpg
Chiots bichons maltais femelles,150000,"Mamelles, Dakar, Sénégal",https://images.coinafrique.com/thumb_5042102_uploaded_image1_1731512419.jpg
Chiot Malinois 4 mois,275,"Dakar, Sénégal",https://images.coinafrique.com/thumb_4807147_uploaded_image2_1719173692.jpeg
Chien Berger Femelle adulte,500000,"Dakar, Sénégal",https://images.coinafrique.com/thumb_4630010_uploaded_image1_1709800534.jpg
Caniche,200000,"Dakar, Sénégal",https://images.coinafrique.com/thumb_4634226_uploaded_image1_1710001956.jpg
Chiot Berger Allemand,150000,"Dakar, Sénégal",https://images.coinafrique.com/thumb_4884833_uploaded_image1_1723151589.jpg
Chiots Golden retriever,650000,"Dakar Plateau, Dakar, Sénégal",https://images.coinafrique.com/thumb_4853861_uploaded_image1_1721576301.jpg
Chiot Berger Allemand,200000,"Dakar, Sénégal",https://images.coinafrique.com/thumb_4970950_uploaded_image1_1727800187.jpg
Chiot Berger Allemand,200000,"Dakar, Sénégal",https://images.coinafrique.com/thumb_4970950_uploaded_image1_1727800187.jpg
Chiot Berger Allemand,200000,"Dakar, Sénégal",https://images.coinafrique.com/thumb_4970950_uploaded_image1_1727800187.jpg
Chiot Berger Malinois,200000,"Rufisque, Sénégal",https://images.coinafrique.com/thumb_4969271_uploaded_image1_1727731274.jpg
Chiot Berger Allemand,500000,"Guediawaye, Dakar, Sénégal",https://images.coinafrique.com/thumb_5016564_uploaded_image1_1730217865.jpg
Chiots bichons maltais femelles,150000,"Mamelles, Dakar, Sénégal",https://images.coinafrique.com/thumb_5042102_uploaded_image1_1731512419.jpg
Chien Berger Allemand,310000,"Rufisque, Sénégal",https://images.coinafrique.com/thumb_4679501_uploaded_image1_1712415418.jpg
Malinois mal,250,"Dakar, Sénégal",https://images.coinafrique.com/thumb_4679677_uploaded_image1_1712423347.jpg
Chiot Ridgback,500000,"Diamniadio, Sénégal",https://images.coinafrique.com/thumb_4680610_uploaded_image1_1712497780.jpg
Chiot Berger Malinois,130000,"Mbao, Dakar, Sénégal",https://images.coinafrique.com/thumb_4894008_uploaded_image1_1723642785.jpg
Chiots bichons maltais femelles,150000,"Mamelles, Dakar, Sénégal",https://images.coinafrique.com/thumb_5042102_uploaded_image1_1731512419.jpg
Chien Berger Belge Malinois,250000,"Mbao, Dakar, Sénégal",https://images.coinafrique.com/thumb_4687438_uploaded_image1_1712878170.jpg
Chiot Malinois 4 mois,275,"Dakar, Sénégal",https://images.coinafrique.com/thumb_4807147_uploaded_image2_1719173692.jpeg
Femelle Apbt Brinze,250000,"Dakar, Sénégal",https://images.coinafrique.com/thumb_4711619_uploaded_image1_1714093089.jpg
Chiot Rottweiler,250,"Dakar, Sénégal",https://images.coinafrique.com/thumb_5004868_uploaded_image1_1729539442.jpg
Chien Berger Allemand,200000,"Guediawaye, Dakar, Sénégal",https://images.coinafrique.com/thumb_4716925_uploaded_image1_1714422080.jpg
Chiot Berger Allemand,200000,"Dakar, Sénégal",https://images.coinafrique.com/thumb_4970950_uploaded_image1_1727800187.jpg
Chiot Malinois 4 mois,275,"Dakar, Sénégal",https://images.coinafrique.com/thumb_4807147_uploaded_image2_1719173692.jpeg
Chiot Rottweiler,250,"Dakar, Sénégal",https://images.coinafrique.com/thumb_5004868_uploaded_image1_1729539442.jpg
Chiots bichons maltais femelles,150000,"Mamelles, Dakar, Sénégal",https://images.coinafrique.com/thumb_5042102_uploaded_image1_1731512419.jpg
Chiots bichons maltais femelles,150000,"Mamelles, Dakar, Sénégal",https://images.coinafrique.com/thumb_5042102_uploaded_image1_1731512419.jpg
Chiots bichons maltais femelles,150000,"Mamelles, Dakar, Sénégal",https://images.coinafrique.com/thumb_5042102_uploaded_image1_1731512419.jpg
Chiot Husky pur sang,250000,"Ouest Foire, Dakar, Sénégal",https://images.coinafrique.com/thumb_4814513_uploaded_image1_1719531765.jpg
Chiot Malinois 4 mois,275,"Dakar, Sénégal",https://images.coinafrique.com/thumb_4807147_uploaded_image2_1719173692.jpeg
Chiots Berger XL,250000,"Saly, Sénégal",https://images.coinafrique.com/thumb_4758802_uploaded_image1_1716485273.jpg
Berger allemand pure sang,160000,"Mbour, Sénégal",https://images.coinafrique.com/thumb_4779635_uploaded_image1_1717531124.jpg
Berger allemand pure sang,160000,"Mbour, Sénégal",https://images.coinafrique.com/thumb_4779635_uploaded_image1_1717531124.jpg
Chiot malinois femelle,250000,"Saly, Sénégal",https://images.coinafrique.com/thumb_4795597_uploaded_image1_1718373916.jpg
Chiots bichons maltais femelles,150000,"Mamelles, Dakar, Sénégal",https://images.coinafrique.com/thumb_5042102_uploaded_image1_1731512419.jpg
Chien Malinois,77963888,"Dakar, Sénégal",https://images.coinafrique.com/thumb_4806294_uploaded_image1_1719106703.jpg
Chiot Malinois 4 mois,275,"Dakar, Sénégal",https://images.coinafrique.com/thumb_4807147_uploaded_image2_1719173692.jpeg
Chiots bichons maltais femelles,150000,"Mamelles, Dakar, Sénégal",https://images.coinafrique.com/thumb_5042102_uploaded_image1_1731512419.jpg
Chiot Husky pur sang,250000,"Ouest Foire, Dakar, Sénégal",https://images.coinafrique.com/thumb_4814513_uploaded_image1_1719531765.jpg
Chiot Berger Allemand,150000,"Cambérène, Dakar, Sénégal",https://images.coinafrique.com/thumb_4875998_uploaded_image1_1722728517.jpg
Chiots Berger Malinois,80000,"Thies, Sénégal",https://images.coinafrique.com/thumb_5031965_uploaded_image1_1730994734.jpg
Chiens de race,250000,"HLM, Dakar, Sénégal",https://images.coinafrique.com/thumb_4829755_uploaded_image1_1720296424.jpg
Chiens de race,250000,"HLM, Dakar, Sénégal",https://images.coinafrique.com/thumb_4829755_uploaded_image1_1720296424.jpg
Berger Allemand poil long,150000,"Thies, Sénégal",https://images.coinafrique.com/thumb_4834152_uploaded_image1_1720526802.jpg
Chiots Berger Allemand,350000,"Parcelle Assainies, Dakar, Sénégal",https://images.coinafrique.com/thumb_4837526_uploaded_image1_1720683729.jpg
Chiot Berger Allemand,150000,"Cambérène, Dakar, Sénégal",https://images.coinafrique.com/thumb_4875998_uploaded_image1_1722728517.jpg
Chien Bichon,160000,"Sicap Liberté, Dakar, Sénégal",https://images.coinafrique.com/thumb_4844767_uploaded_image1_1721086997.jpg
Berger allemand femelle,155000,"Diamniadio, Sénégal",https://images.coinafrique.com/thumb_4996897_uploaded_image1_1729087539.jpg
Chiots spitz nain,800000,"Dakar Plateau, Dakar, Sénégal",https://images.coinafrique.com/thumb_4845887_uploaded_image1_1721141629.jpg
Chiots Rottweiler,250000,"Mariste, Dakar, Sénégal",https://images.coinafrique.com/thumb_4848898_uploaded_image1_1721301203.jpg
Chiot Belgian Malinois charbonne,250000,"Yoff, Dakar, Sénégal",https://images.coinafrique.com/thumb_4850412_uploaded_image1_1721376820.jpg
Chiot Husky,200000,"Mbour, Sénégal",https://images.coinafrique.com/thumb_4852383_uploaded_image1_1721477152.jpg
Chiot Chiwawa,550000,"Dakar Plateau, Dakar, Sénégal",https://images.coinafrique.com/thumb_4853647_uploaded_image1_1721564020.jpg
Chiots Golden retriever,650000,"Dakar Plateau, Dakar, Sénégal",https://images.coinafrique.com/thumb_4853861_uploaded_image1_1721576301.jpg
Berger allemand,150000,"Keur Massar, Sénégal",https://images.coinafrique.com/thumb_4888701_uploaded_image1_1723387152.jpg
Bichons maltin pure race,250000,"HLM, Dakar, Sénégal",https://images.coinafrique.com/thumb_4865327_uploaded_image1_1722209598.jpg
Chiot femelle caniche,150000,"Thies, Sénégal",https://images.coinafrique.com/thumb_4893046_uploaded_image1_1723590343.jpg
Chiot berger malinois,150000,"Keur Massar, Sénégal",https://images.coinafrique.com/thumb_4868594_uploaded_image1_1722382090.jpg
Chiot Berger Allemand,150000,"Cambérène, Dakar, Sénégal",https://images.coinafrique.com/thumb_4875998_uploaded_image1_1722728517.jpg
Chiot Berger Allemand,200000,"Dakar, Sénégal",https://images.coinafrique.com/thumb_4970950_uploaded_image1_1727800187.jpg
Golden Retriever,300000,"Almadies 2, Dakar, Sénégal",https://images.coinafrique.com/thumb_4885131_uploaded_image1_1723173005.jpg
Pitbull,135000,"Almadies 2, Dakar, Sénégal",https://images.coinafrique.com/thumb_4885134_uploaded_image1_1723173253.jpg
Berger Allemand,150000,"Almadies 2, Dakar, Sénégal",https://images.coinafrique.com/thumb_4885136_uploaded_image1_1723173479.jpg
Vente de chiots,130000,"Almadies, Dakar, Sénégal",https://images.coinafrique.com/thumb_4885713_uploaded_image1_1723206642.jpg
Chiot Berger Malinois,230000,"Mbour, Sénégal",https://images.coinafrique.com/thumb_4997477_uploaded_image1_1729105958.jpg
Berger allemand,150000,"Keur Massar, Sénégal",https://images.coinafrique.com/thumb_4888701_uploaded_image1_1723387152.jpg
Chiot Berger Allemand,200000,"Dakar, Sénégal",https://images.coinafrique.com/thumb_4970950_uploaded_image1_1727800187.jpg
Chiot femelle caniche,150000,"Thies, Sénégal",https://images.coinafrique.com/thumb_4893046_uploaded_image1_1723590343.jpg
Chiot Husky,400000,"Keur Massar, Sénégal",https://images.coinafrique.com/thumb_4893706_uploaded_image1_1723634647.jpg
Chiot Berger Malinois,130000,"Mbao, Dakar, Sénégal",https://images.coinafrique.com/thumb_4894008_uploaded_image1_1723642785.jpg
Boerboel,400000,"Almadies 2, Dakar, Sénégal",https://images.coinafrique.com/thumb_4894355_uploaded_image1_1723654678.jpg
Berger Malinois,200000,"Dakar, Sénégal",https://images.coinafrique.com/thumb_4910751_uploaded_image1_1724605148.jpg
Chiots bichons maltais femelles,150000,"Mamelles, Dakar, Sénégal",https://images.coinafrique.com/thumb_5042102_uploaded_image1_1731512419.jpg
Cane Corso de 4 mois,450000,"Sicap Liberté, Dakar, Sénégal",https://images.coinafrique.com/thumb_4919921_uploaded_image1_1725115686.jpg
Chiot Rottweiler,300000,"Thies, Sénégal",https://images.coinafrique.com/thumb_4920593_uploaded_image1_1725147642.jpg
Chiot Rottweiler,120000,"Sacré-Coeur, Dakar, Sénégal",https://images.coinafrique.com/thumb_4925778_uploaded_image1_1725391613.jpg
Chiots bichons maltais femelles,150000,"Mamelles, Dakar, Sénégal",https://images.coinafrique.com/thumb_5042102_uploaded_image1_1731512419.jpg
Lolou de pomeranien,700000,"Dakar, Sénégal",https://images.coinafrique.com/thumb_4934169_uploaded_image1_1725812855.jpg
Chiots bichons maltais femelles,150000,"Mamelles, Dakar, Sénégal",https://images.coinafrique.com/thumb_5042102_uploaded_image1_1731512419.jpg
Couple de chiot de race,75000,"Ngor, Dakar, Sénégal",https://images.coinafrique.com/thumb_4937044_uploaded_image1_1725971142.jpg
Chiot Berger Allemand,100000,"Thies, Sénégal",https://images.coinafrique.com/thumb_4943304_uploaded_image1_1726252041.jpg
Chiot chihuahua,390000,"Ngaparou, Sénégal",https://images.coinafrique.com/thumb_4946002_uploaded_image1_1726441968.jpg
Chiots Pitbull,200000,"Dakar, Sénégal",https://images.coinafrique.com/thumb_4951773_uploaded_image1_1726751081.jpg
Chiot Boerboel,250000,"Dakar, Sénégal",https://images.coinafrique.com/thumb_4951796_uploaded_image1_1726751862.jpg
Chiots bichons maltais femelles,150000,"Mamelles, Dakar, Sénégal",https://images.coinafrique.com/thumb_5042102_uploaded_image1_1731512419.jpg
Chiots bichons maltais femelles,150000,"Mamelles, Dakar, Sénégal",https://images.coinafrique.com/thumb_5042102_uploaded_image1_1731512419.jpg
Chiot Bichon Havanais,80000,"Mermoz-Sacré Coeur, Dakar, Sénégal",https://images.coinafrique.com/thumb_4955373_uploaded_image1_1726948506.jpg
chiot boerboel,500000,"Mbour, Sénégal",https://images.coinafrique.com/thumb_4960771_uploaded_image1_1727238490.jpg
Chiots croisé Boer et Root,150000,"Cambérène, Dakar, Sénégal",https://images.coinafrique.com/thumb_4919750_uploaded_image1_1725108338.jpg
Chiots Husky sibérien,250000,"Ouakam, Dakar, Sénégal",https://images.coinafrique.com/thumb_4964058_uploaded_image1_1727395826.jpg
berger malinois,300000,"Keur Massar, Sénégal",https://images.coinafrique.com/thumb_4964122_uploaded_image1_1727408710.jpg
Chiots bichons maltais femelles,150000,"Mamelles, Dakar, Sénégal",https://images.coinafrique.com/thumb_5042102_uploaded_image1_1731512419.jpg
Bichon maltais pur race,180000,"Sicap Liberté, Dakar, Sénégal",https://images.coinafrique.com/thumb_4968565_uploaded_image1_1727702109.jpg
Chiot Berger Malinois,200000,"Rufisque, Sénégal",https://images.coinafrique.com/thumb_4969271_uploaded_image1_1727731274.jpg
Chien,350000,"Keur Massar, Sénégal",https://images.coinafrique.com/thumb_4969495_uploaded_image1_1727744912.jpg
Chiot Berger Allemand,200000,"Dakar, Sénégal",https://images.coinafrique.com/thumb_4970950_uploaded_image1_1727800187.jpg
Chiot Boerboel,500000,"Sacré-Coeur, Dakar, Sénégal",https://images.coinafrique.com/thumb_4978052_uploaded_image1_1728097869.jpg
Chiots bichons maltais femelles,150000,"Mamelles, Dakar, Sénégal",https://images.coinafrique.com/thumb_5042102_uploaded_image1_1731512419.jpg
Berger allemand femelle,155000,"Diamniadio, Sénégal",https://images.coinafrique.com/thumb_4996897_uploaded_image1_1729087539.jpg
Berger allemand femelle,155000,"Diamniadio, Sénégal",https://images.coinafrique.com/thumb_4996897_uploaded_image1_1729087539.jpg
Chiot Berger Malinois,230000,"Mbour, Sénégal",https://images.coinafrique.com/thumb_4997477_uploaded_image1_1729105958.jpg
Chiots bichons maltais femelles,150000,"Mamelles, Dakar, Sénégal",https://images.coinafrique.com/thumb_5042102_uploaded_image1_1731512419.jpg
Chiot Rottweiler,250,"Dakar, Sénégal",https://images.coinafrique.com/thumb_5004868_uploaded_image1_1729539442.jpg
Chiot Berger Allemand,130000,"Niaga, Sénégal",https://images.coinafrique.com/thumb_5006641_uploaded_image1_1729624663.jpg
Chiots bichons maltais femelles,150000,"Mamelles, Dakar, Sénégal",https://images.coinafrique.com/thumb_5042102_uploaded_image1_1731512419.jpg
Chiot Berger Allemand,250000,"Sacré-Coeur, Dakar, Sénégal",https://images.coinafrique.com/thumb_5008410_uploaded_image1_1729717858.jpg
Chiots Berger Allemand,250000,"Saint Louis, Sénégal",https://images.coinafrique.com/thumb_5013765_uploaded_image1_1730056659.jpg
Chiot Berger Allemand,500000,"Guediawaye, Dakar, Sénégal",https://images.coinafrique.com/thumb_5016564_uploaded_image1_1730217865.jpg
Boerboel male,300000,"Sacré-Coeur, Dakar, Sénégal",https://images.coinafrique.com/thumb_5024103_uploaded_image1_1730603352.jpg
Chiots Berger Malinois,80000,"Thies, Sénégal",https://images.coinafrique.com/thumb_5031965_uploaded_image1_1730994734.jpg
Chiots bichons maltais femelles,150000,"Mamelles, Dakar, Sénégal",https://images.coinafrique.com/thumb_5042102_uploaded_image1_1731512419.jpg
Chiots bichons maltais femelles,150000,"Mamelles, Dakar, Sénégal",https://images.coinafrique.com/thumb_5042102_uploaded_image1_1731512419.jpg
Husky femelle,450000,"Sacré-Coeur, Dakar, Sénégal",https://images.coinafrique.com/thumb_5034883_uploaded_image1_1731128167.jpg
Chiot Berger Malinois,250000,"Sacré-Coeur, Dakar, Sénégal",https://images.coinafrique.com/thumb_5038674_uploaded_image1_1731347918.jpg
Chiot Berger Allemand,120000,"Mbao, Dakar, Sénégal",https://images.coinafrique.com/thumb_5040967_uploaded_image1_1731453566.jpg
Chiots bichons maltais femelles,150000,"Mamelles, Dakar, Sénégal",https://images.coinafrique.com/thumb_5042102_uploaded_image1_1731512419.jpg
Chiot Rottweiler,300000,"Mbao, Dakar, Sénégal",https://images.coinafrique.com/thumb_5044649_uploaded_image1_1731627517.jpg
Chiot chihuahuas,250000,"Sicap Liberté, Dakar, Sénégal",https://images.coinafrique.com/thumb_5045245_uploaded_image1_1731667358.jpg
Chien de garde,350000,"Yoff, Dakar, Sénégal",https://images.coinafrique.com/thumb_5045344_uploaded_image1_1731670002.jpg
